"Journal Data Filtered By:  Selected Categories: BIOLOGY;CELL BIOLOGY;BIOCHEMISTRY & MOLECULAR BIOLOGY Selected Editions: SCIE;SSCI;AHCI;ESCI Selected JCR Year: 2025 Selected Category Schema: WOS Selected Open Access: N Indicator: Default"

Journal name,JCR Abbreviation,Publisher,ISSN,eISSN,Category,Edition,Total Citations,2025 JIF,JIF Quartile,2025 JCI,% of Citable OA
"NATURE REVIEWS MOLECULAR CELL BIOLOGY","NAT REV MOL CELL BIO","NATURE PORTFOLIO","1471-0072","1471-0080","CELL BIOLOGY","SCIE","83,533","118","Q1","7.35","1.43"%,
"Signal Transduction and Targeted Therapy","SIGNAL TRANSDUCT TAR","SPRINGERNATURE","2095-9907","2059-3635","BIOCHEMISTRY & MOLECULAR BIOLOGY","SCIE","88,969","81.2","Q1","6.13","100"%,
"Signal Transduction and Targeted Therapy","SIGNAL TRANSDUCT TAR","SPRINGERNATURE","2095-9907","2059-3635","CELL BIOLOGY","SCIE","88,969","81.2","Q1","6.13","100"%,
"CANCER CELL","CANCER CELL","CELL PRESS","1535-6108","1878-3686","CELL BIOLOGY","SCIE","64,398","56.1","Q1","8.22","41.76"%,
"NATURE MEDICINE","NAT MED","NATURE PORTFOLIO","1078-8956","1546-170X","BIOCHEMISTRY & MOLECULAR BIOLOGY","SCIE","154,284","52.5","Q1","9.88","61.4"%,
"NATURE MEDICINE","NAT MED","NATURE PORTFOLIO","1078-8956","1546-170X","CELL BIOLOGY","SCIE","154,284","52.5","Q1","9.88","61.4"%,
"CELL","CELL","CELL PRESS","0092-8674","1097-4172","BIOCHEMISTRY & MOLECULAR BIOLOGY","SCIE","329,596","45.1","Q1","6.92","44.27"%,
"CELL","CELL","CELL PRESS","0092-8674","1097-4172","CELL BIOLOGY","SCIE","329,596","45.1","Q1","6.92","44.27"%,
"Molecular Cancer","MOL CANCER","BMC","N/A","1476-4598","BIOCHEMISTRY & MOLECULAR BIOLOGY","SCIE","53,231","42.2","Q1","5.07","100"%,
"Cell Metabolism","CELL METAB","CELL PRESS","1550-4131","1932-7420","CELL BIOLOGY","SCIE","73,683","37","Q1","6.01","30.97"%,
"Molecular Plant","MOL PLANT","CELL PRESS","1674-2052","1752-9867","BIOCHEMISTRY & MOLECULAR BIOLOGY","SCIE","32,597","32.7","Q1","4.84","23.99"%,
"CELL RESEARCH","CELL RES","SPRINGERNATURE","1001-0602","1748-7838","CELL BIOLOGY","SCIE","30,501","31.1","Q1","3.16","64.74"%,
"TRENDS IN CELL BIOLOGY","TRENDS CELL BIOL","CELL PRESS","0962-8924","1879-3088","CELL BIOLOGY","SCIE","21,812","25.3","Q1","1.64","26.76"%,
"Nature Aging","NATURE AGING","SPRINGERNATURE","N/A","2662-8465","CELL BIOLOGY","SCIE","10,875","25","Q1","4.66","44.81"%,
"Annual Review of Biochemistry","ANNU REV BIOCHEM","ANNUAL REVIEWS","0066-4154","1545-4509","BIOCHEMISTRY & MOLECULAR BIOLOGY","SCIE","21,229","24.9","Q1","1.95","100"%,
"Cell Stem Cell","CELL STEM CELL","CELL PRESS","1934-5909","1875-9777","CELL BIOLOGY","SCIE","33,534","23.3","Q1","4.08","39.48"%,
"NATURE CELL BIOLOGY","NAT CELL BIOL","NATURE PORTFOLIO","1465-7392","1476-4679","CELL BIOLOGY","SCIE","50,742","22.7","Q1","3.09","47.05"%,
"Journal of Extracellular Vesicles","J EXTRACELL VESICLES","WILEY","N/A","2001-3078","CELL BIOLOGY","SCIE","19,056","21.7","Q1","2.83","100"%,
"TRENDS IN MICROBIOLOGY","TRENDS MICROBIOL","CELL PRESS","0966-842X","1878-4380","BIOCHEMISTRY & MOLECULAR BIOLOGY","SCIE","21,555","18.7","Q1","1.65","33.06"%,
"Autophagy","AUTOPHAGY","TAYLOR & FRANCIS INC","1554-8627","1554-8635","CELL BIOLOGY","SCIE","34,458","18.6","Q1","1.78","22.94"%,
"Protein & Cell","PROTEIN CELL","OXFORD UNIV PRESS","1674-800X","1674-8018","CELL BIOLOGY","SCIE","9,917","18.2","Q1","1.5","100"%,
"PROGRESS IN LIPID RESEARCH","PROG LIPID RES","PERGAMON-ELSEVIER SCIENCE LTD","0163-7827","1873-2194","BIOCHEMISTRY & MOLECULAR BIOLOGY","SCIE","8,950","18.1","Q1","1.75","50.72"%,
"TRENDS IN MOLECULAR MEDICINE","TRENDS MOL MED","CELL PRESS","1471-4914","1471-499X","BIOCHEMISTRY & MOLECULAR BIOLOGY","SCIE","15,407","18.1","Q1","1.46","31.13"%,
"TRENDS IN MOLECULAR MEDICINE","TRENDS MOL MED","CELL PRESS","1471-4914","1471-499X","CELL BIOLOGY","SCIE","15,407","18.1","Q1","1.46","31.13"%,
"EXPERIMENTAL AND MOLECULAR MEDICINE","EXP MOL MED","SPRINGERNATURE","1226-3613","2092-6413","BIOCHEMISTRY & MOLECULAR BIOLOGY","SCIE","25,742","17.5","Q1","2.12","100"%,
"Cell Discovery","CELL DISCOV","SPRINGERNATURE","N/A","2056-5968","CELL BIOLOGY","SCIE","8,357","16.9","Q1","1.86","100"%,
"Redox Biology","REDOX BIOL","ELSEVIER","2213-2317","2213-2317","BIOCHEMISTRY & MOLECULAR BIOLOGY","SCIE","46,483","16.2","Q1","2.9","99.92"%,
"Molecular Cell","MOL CELL","CELL PRESS","1097-2765","1097-4164","BIOCHEMISTRY & MOLECULAR BIOLOGY","SCIE","88,599","16","Q1","2.6","39.49"%,
"Molecular Cell","MOL CELL","CELL PRESS","1097-2765","1097-4164","CELL BIOLOGY","SCIE","88,599","16","Q1","2.6","39.49"%,
"Nature Chemical Biology","NAT CHEM BIOL","NATURE PORTFOLIO","1552-4450","1552-4469","BIOCHEMISTRY & MOLECULAR BIOLOGY","SCIE","35,656","15.8","Q1","3.05","29.08"%,
"Science Translational Medicine","SCI TRANSL MED","AMER ASSOC ADVANCEMENT SCIENCE","1946-6234","1946-6242","CELL BIOLOGY","SCIE","58,152","15.6","Q1","3.13","4.66"%,
"AGEING RESEARCH REVIEWS","AGEING RES REV","ELSEVIER IRELAND LTD","1568-1637","1872-9649","CELL BIOLOGY","SCIE","32,111","15.5","Q1","1.61","28.2"%,
"NUCLEIC ACIDS RESEARCH","NUCLEIC ACIDS RES","OXFORD UNIV PRESS","0305-1048","1362-4962","BIOCHEMISTRY & MOLECULAR BIOLOGY","SCIE","318,538","15","Q1","3.06","99.74"%,
"Genes & Diseases","GENES DIS","KEAI PUBLISHING LTD","2352-4820","2352-3042","BIOCHEMISTRY & MOLECULAR BIOLOGY","SCIE","9,105","14.6","Q1","1.69","98.09"%,
"JOURNAL OF BIOMEDICAL SCIENCE","J BIOMED SCI","BMC","1021-7770","1423-0127","CELL BIOLOGY","SCIE","12,330","14.5","Q1","1.67","100"%,
"TRENDS IN BIOCHEMICAL SCIENCES","TRENDS BIOCHEM SCI","CELL PRESS","0968-0004","1362-4326","BIOCHEMISTRY & MOLECULAR BIOLOGY","SCIE","20,954","14.4","Q1","1.18","32.23"%,
"Cell Reports Medicine","CELL REP MED","CELL PRESS","2666-3791","2666-3791","CELL BIOLOGY","SCIE","15,797","14","Q1","2.33","99.73"%,
"MOLECULAR ASPECTS OF MEDICINE","MOL ASPECTS MED","ELSEVIER","0098-2997","1872-9452","BIOCHEMISTRY & MOLECULAR BIOLOGY","SCIE","10,413","13.8","Q1","1.24","42.07"%,
"Plant Communications","PLANT COMMUN","CELL PRESS","2590-3462","2590-3462","BIOCHEMISTRY & MOLECULAR BIOLOGY","SCIE","7,450","13.7","Q1","2.38","100"%,
"CELL DEATH AND DIFFERENTIATION","CELL DEATH DIFFER","SPRINGERNATURE","1350-9047","1476-5403","BIOCHEMISTRY & MOLECULAR BIOLOGY","SCIE","36,020","13.6","Q1","2.23","49.69"%,
"CELL DEATH AND DIFFERENTIATION","CELL DEATH DIFFER","SPRINGERNATURE","1350-9047","1476-5403","CELL BIOLOGY","SCIE","36,020","13.6","Q1","2.23","49.69"%,
"PLANT CELL","PLANT CELL","OXFORD UNIV PRESS INC","1040-4651","1532-298X","BIOCHEMISTRY & MOLECULAR BIOLOGY","SCIE","68,439","13.5","Q1","2.4","38.35"%,
"PLANT CELL","PLANT CELL","OXFORD UNIV PRESS INC","1040-4651","1532-298X","CELL BIOLOGY","SCIE","68,439","13.5","Q1","2.4","38.35"%,
"CYTOKINE & GROWTH FACTOR REVIEWS","CYTOKINE GROWTH F R","ELSEVIER SCI LTD","1359-6101","1879-0305","BIOCHEMISTRY & MOLECULAR BIOLOGY","SCIE","9,350","13.4","Q1","1.02","28.42"%,
"CYTOKINE & GROWTH FACTOR REVIEWS","CYTOKINE GROWTH F R","ELSEVIER SCI LTD","1359-6101","1879-0305","CELL BIOLOGY","SCIE","9,350","13.4","Q1","1.02","28.42"%,
"Molecular Biomedicine","MOL BIOMED","SPRINGERNATURE","N/A","2662-8651","BIOCHEMISTRY & MOLECULAR BIOLOGY","ESCI","2,618","13","Q1","1.23","100"%,
"Molecular Biomedicine","MOL BIOMED","SPRINGERNATURE","N/A","2662-8651","CELL BIOLOGY","ESCI","2,618","13","Q1","1.23","100"%,
"Journal of Integrative Plant Biology","J INTEGR PLANT BIOL","WILEY","1672-9072","1744-7909","BIOCHEMISTRY & MOLECULAR BIOLOGY","SCIE","17,256","12.5","Q1","2.1","28.74"%,
"NATURAL PRODUCT REPORTS","NAT PROD REP","ROYAL SOC CHEMISTRY","0265-0568","1460-4752","BIOCHEMISTRY & MOLECULAR BIOLOGY","SCIE","14,406","12.5","Q1","1.39","41.71"%,
"Annual Review of Cell and Developmental Biology","ANNU REV CELL DEV BI","ANNUAL REVIEWS","1081-0706","1530-8995","CELL BIOLOGY","SCIE","10,152","12.5","Q1","1.32","100"%,
"CELLULAR & MOLECULAR BIOLOGY LETTERS","CELL MOL BIOL LETT","BMC","1425-8153","1689-1392","BIOCHEMISTRY & MOLECULAR BIOLOGY","SCIE","7,176","12.2","Q1","1.58","100"%,
"CELLULAR & MOLECULAR BIOLOGY LETTERS","CELL MOL BIOL LETT","BMC","1425-8153","1689-1392","CELL BIOLOGY","SCIE","7,176","12.2","Q1","1.58","100"%,
"Cell Death & Disease","CELL DEATH DIS","SPRINGERNATURE","2041-4889","2041-4889","CELL BIOLOGY","SCIE","85,182","12.2","Q1","1.43","100"%,
"Physics of Life Reviews","PHYS LIFE REV","ELSEVIER","1571-0645","1873-1457","BIOLOGY","SCIE","2,913","11.8","Q1","1.99","44.79"%,
"International Journal of Biological Sciences","INT J BIOL SCI","IVYSPRING INT PUBL","1449-2288","1449-2288","BIOCHEMISTRY & MOLECULAR BIOLOGY","SCIE","27,120","11.7","Q1","2.24","99.9"%,
"Cell Communication and Signaling","CELL COMMUN SIGNAL","BMC","N/A","1478-811X","CELL BIOLOGY","SCIE","21,707","11.6","Q1","1.12","100"%,
"BIOCHIMICA ET BIOPHYSICA ACTA-REVIEWS ON CANCER","BBA-REV CANCER","ELSEVIER","0304-419X","1879-2561","BIOCHEMISTRY & MOLECULAR BIOLOGY","SCIE","13,936","11.2","Q1","1.31","26.85"%,
"BIOLOGICAL REVIEWS","BIOL REV","WILEY","1464-7931","1469-185X","BIOLOGY","SCIE","25,654","10.9","Q1","3.23","62.19"%,
"MOLECULAR PSYCHIATRY","MOL PSYCHIATR","SPRINGERNATURE","1359-4184","1476-5578","BIOCHEMISTRY & MOLECULAR BIOLOGY","SCIE","45,718","10.4","Q1","2.08","59.47"%,
"Cell Death Discovery","CELL DEATH DISCOV","SPRINGERNATURE","N/A","2058-7716","CELL BIOLOGY","SCIE","21,208","10.4","Q1","1.08","100"%,
"NATURE STRUCTURAL & MOLECULAR BIOLOGY","NAT STRUCT MOL BIOL","NATURE PORTFOLIO","1545-9993","1545-9985","BIOCHEMISTRY & MOLECULAR BIOLOGY","SCIE","29,500","10.1","Q1","2.22","47.44"%,
"NATURE STRUCTURAL & MOLECULAR BIOLOGY","NAT STRUCT MOL BIOL","NATURE PORTFOLIO","1545-9993","1545-9985","CELL BIOLOGY","SCIE","29,500","10.1","Q1","2.22","47.44"%,
"Science China-Life Sciences","SCI CHINA LIFE SCI","SCIENCE PRESS","1674-7305","1869-1889","BIOLOGY","SCIE","11,122","9.6","Q1","1.89","2.46"%,
"BIOSCIENCE","BIOSCIENCE","OXFORD UNIV PRESS","0006-3568","1525-3244","BIOLOGY","SCIE","22,849","9.5","Q1","2.15","57.32"%,
"Cell Surface","CELL SURF","ELSEVIER","2468-2330","2468-2330","BIOCHEMISTRY & MOLECULAR BIOLOGY","ESCI","794","9.3","Q1","1.17","100"%,
"DEVELOPMENTAL CELL","DEV CELL","CELL PRESS","1534-5807","1878-1551","CELL BIOLOGY","SCIE","37,205","9.2","Q1","2.24","33.98"%,
"ONCOGENE","ONCOGENE","SPRINGERNATURE","0950-9232","1476-5594","BIOCHEMISTRY & MOLECULAR BIOLOGY","SCIE","59,393","9.1","Q1","1.57","43.02"%,
"ONCOGENE","ONCOGENE","SPRINGERNATURE","0950-9232","1476-5594","CELL BIOLOGY","SCIE","59,393","9.1","Q1","1.57","43.02"%,
"Cell Chemical Biology","CELL CHEM BIOL","CELL PRESS","2451-9456","2451-9448","BIOCHEMISTRY & MOLECULAR BIOLOGY","SCIE","10,508","9","Q1","1.57","18.77"%,
"APOPTOSIS","APOPTOSIS","SPRINGER","1360-8185","1573-675X","BIOCHEMISTRY & MOLECULAR BIOLOGY","SCIE","8,879","9","Q1","1.16","22.25"%,
"APOPTOSIS","APOPTOSIS","SPRINGER","1360-8185","1573-675X","CELL BIOLOGY","SCIE","8,879","9","Q1","1.16","22.25"%,
"International Journal of Biological Macromolecules","INT J BIOL MACROMOL","ELSEVIER","0141-8130","1879-0003","BIOCHEMISTRY & MOLECULAR BIOLOGY","SCIE","294,329","8.7","Q1","1.45","9.53"%,
"CRITICAL REVIEWS IN BIOCHEMISTRY AND MOLECULAR BIOLOGY","CRIT REV BIOCHEM MOL","TAYLOR & FRANCIS LTD","1040-9238","1549-7798","BIOCHEMISTRY & MOLECULAR BIOLOGY","SCIE","4,172","8.7","Q1","0.66","13.95"%,
"Neural Regeneration Research","NEURAL REGEN RES","WOLTERS KLUWER MEDKNOW PUBLICATIONS","1673-5374","1876-7958","CELL BIOLOGY","SCIE","18,350","8.5","Q1","1.17","98.77"%,
"Cold Spring Harbor Perspectives in Biology","CSH PERSPECT BIOL","COLD SPRING HARBOR LAB PRESS, PUBLICATIONS DEPT","1943-0264","1943-0264","CELL BIOLOGY","SCIE","24,266","8.5","Q1","1.16","6.21"%,
"Extracellular Vesicles and Circulating Nucleic Acids","EXTRACELL VESICLES C","OAE PUBLISHING INC","N/A","2767-6641","BIOCHEMISTRY & MOLECULAR BIOLOGY","ESCI","865","8.5","Q1","0.61","75.93"%,
"Extracellular Vesicles and Circulating Nucleic Acids","EXTRACELL VESICLES C","OAE PUBLISHING INC","N/A","2767-6641","CELL BIOLOGY","ESCI","865","8.5","Q1","0.61","75.93"%,
"Cell Genomics","CELL GENOM","CELL PRESS","2666-979X","2666-979X","CELL BIOLOGY","ESCI","3,832","8.4","Q1","1.92","100"%,
"EMBO JOURNAL","EMBO J","SPRINGERNATURE","0261-4189","1460-2075","BIOCHEMISTRY & MOLECULAR BIOLOGY","SCIE","63,452","8.4","Q1","1.44","86.41"%,
"EMBO JOURNAL","EMBO J","SPRINGERNATURE","0261-4189","1460-2075","CELL BIOLOGY","SCIE","63,452","8.4","Q1","1.44","86.41"%,
"MOLECULAR MEDICINE","MOL MED","SPRINGER","1076-1551","1528-3658","BIOCHEMISTRY & MOLECULAR BIOLOGY","SCIE","11,517","8.3","Q1","1.26","100"%,
"MOLECULAR MEDICINE","MOL MED","SPRINGER","1076-1551","1528-3658","CELL BIOLOGY","SCIE","11,517","8.3","Q1","1.26","100"%,
"Antioxidants","ANTIOXIDANTS-BASEL","MDPI","N/A","2076-3921","BIOCHEMISTRY & MOLECULAR BIOLOGY","SCIE","91,446","8.2","Q1","1.22","99.96"%,
"MOLECULES AND CELLS","MOL CELLS","KOREAN SOC MOLECULAR & CELLULAR BIOLOGY","1016-8478","0219-1032","BIOCHEMISTRY & MOLECULAR BIOLOGY","SCIE","6,812","8.2","Q1","0.71","100"%,
"MOLECULES AND CELLS","MOL CELLS","KOREAN SOC MOLECULAR & CELLULAR BIOLOGY","1016-8478","0219-1032","CELL BIOLOGY","SCIE","6,812","8.2","Q1","0.71","100"%,
"FREE RADICAL BIOLOGY AND MEDICINE","FREE RADICAL BIO MED","ELSEVIER SCIENCE INC","0891-5849","1873-4596","BIOCHEMISTRY & MOLECULAR BIOLOGY","SCIE","58,154","8","Q1","1.74","27.24"%,
"Journal of Genetics and Genomics","J GENET GENOMICS","SCIENCE PRESS","1673-8527","1873-5533","BIOCHEMISTRY & MOLECULAR BIOLOGY","SCIE","5,807","7.9","Q1","1.33","39.74"%,
"CURRENT OPINION IN STRUCTURAL BIOLOGY","CURR OPIN STRUC BIOL","CURRENT BIOLOGY LTD","0959-440X","1879-033X","BIOCHEMISTRY & MOLECULAR BIOLOGY","SCIE","13,672","7.8","Q1","1.35","55.11"%,
"CURRENT OPINION IN STRUCTURAL BIOLOGY","CURR OPIN STRUC BIOL","CURRENT BIOLOGY LTD","0959-440X","1879-033X","CELL BIOLOGY","SCIE","13,672","7.8","Q1","1.35","55.11"%,
"Stem Cell Research & Therapy","STEM CELL RES THER","BMC","N/A","1757-6512","CELL BIOLOGY","SCIE","31,355","7.8","Q1","1.3","100"%,
"AGING CELL","AGING CELL","WILEY","1474-9718","1474-9726","CELL BIOLOGY","SCIE","22,553","7.7","Q1","1.46","100"%,
"CURRENT BIOLOGY","CURR BIOL","CELL PRESS","0960-9822","1879-0445","BIOCHEMISTRY & MOLECULAR BIOLOGY","SCIE","85,734","7.7","Q1","1.46","38.97"%,
"CURRENT BIOLOGY","CURR BIOL","CELL PRESS","0960-9822","1879-0445","BIOLOGY","SCIE","85,734","7.7","Q1","1.46","38.97"%,
"CURRENT BIOLOGY","CURR BIOL","CELL PRESS","0960-9822","1879-0445","CELL BIOLOGY","SCIE","85,734","7.7","Q1","1.46","38.97"%,
"Cell Reports","CELL REP","CELL PRESS","2639-1856","2211-1247","CELL BIOLOGY","SCIE","115,058","7.7","Q1","1.14","99.91"%,
"CELL PROLIFERATION","CELL PROLIFERAT","WILEY","0960-7722","1365-2184","CELL BIOLOGY","SCIE","10,862","7.6","Q1","0.8","100"%,
"Cell Systems","CELL SYST","CELL PRESS","2405-4712","2405-4720","BIOCHEMISTRY & MOLECULAR BIOLOGY","SCIE","12,040","7.5","Q1","1.27","32.06"%,
"Cell Systems","CELL SYST","CELL PRESS","2405-4712","2405-4720","CELL BIOLOGY","SCIE","12,040","7.5","Q1","1.27","32.06"%,
"GENES & DEVELOPMENT","GENE DEV","COLD SPRING HARBOR LAB PRESS, PUBLICATIONS DEPT","0890-9369","1549-5477","CELL BIOLOGY","SCIE","42,641","7.4","Q1","1.37","99.53"%,
"CELLULAR AND MOLECULAR NEUROBIOLOGY","CELL MOL NEUROBIOL","SPRINGER/PLENUM PUBLISHERS","0272-4340","1573-6830","CELL BIOLOGY","SCIE","8,134","7.4","Q1","0.78","69.45"%,
"Current Molecular Pharmacology","CURR MOL PHARMACOL","KEAI PUBLISHING LTD","1874-4672","1874-4702","BIOCHEMISTRY & MOLECULAR BIOLOGY","SCIE","2,562","7.2","Q1","0.97","58.16"%,
"CURRENT OPINION IN CHEMICAL BIOLOGY","CURR OPIN CHEM BIOL","ELSEVIER SCI LTD","1367-5931","1879-0402","BIOCHEMISTRY & MOLECULAR BIOLOGY","SCIE","11,193","7.2","Q1","0.88","34.08"%,
"Science Signaling","SCI SIGNAL","AMER ASSOC ADVANCEMENT SCIENCE","1945-0877","1937-9145","BIOCHEMISTRY & MOLECULAR BIOLOGY","SCIE","14,775","7","Q1","1.23","3.48"%,
"Science Signaling","SCI SIGNAL","AMER ASSOC ADVANCEMENT SCIENCE","1945-0877","1937-9145","CELL BIOLOGY","SCIE","14,775","7","Q1","1.23","3.48"%,
"PLOS BIOLOGY","PLOS BIOL","PUBLIC LIBRARY SCIENCE","1544-9173","1545-7885","BIOCHEMISTRY & MOLECULAR BIOLOGY","SCIE","42,592","6.9","Q1","1.49","100"%,
"PLOS BIOLOGY","PLOS BIOL","PUBLIC LIBRARY SCIENCE","1544-9173","1545-7885","BIOLOGY","SCIE","42,592","6.9","Q1","1.49","100"%,
"REDOX REPORT","REDOX REP","TAYLOR & FRANCIS LTD","1351-0002","1743-2928","BIOCHEMISTRY & MOLECULAR BIOLOGY","SCIE","2,765","6.9","Q1","1.39","100"%,
"Lipids in Health and Disease","LIPIDS HEALTH DIS","BMC","N/A","1476-511X","BIOCHEMISTRY & MOLECULAR BIOLOGY","SCIE","14,903","6.9","Q1","1.21","100"%,
"ANTIOXIDANTS & REDOX SIGNALING","ANTIOXID REDOX SIGN","SAGE PUBLICATIONS INC","1523-0864","1557-7716","BIOCHEMISTRY & MOLECULAR BIOLOGY","SCIE","25,052","6.8","Q1","1.04","10.77"%,
"Molecular Systems Biology","MOL SYST BIOL","SPRINGERNATURE","1744-4292","1744-4292","BIOCHEMISTRY & MOLECULAR BIOLOGY","SCIE","10,364","6.7","Q1","1.42","100"%,
"SEMINARS IN CELL & DEVELOPMENTAL BIOLOGY","SEMIN CELL DEV BIOL","ACADEMIC PRESS LTD- ELSEVIER SCIENCE LTD","1084-9521","1096-3634","CELL BIOLOGY","SCIE","16,255","6.7","Q2","0.79","38.58"%,
"MECHANISMS OF AGEING AND DEVELOPMENT","MECH AGEING DEV","ELSEVIER IRELAND LTD","0047-6374","1872-6216","CELL BIOLOGY","SCIE","8,612","6.5","Q2","1.17","40.18"%,
"Cell and Bioscience","CELL BIOSCI","BMC","N/A","2045-3701","BIOCHEMISTRY & MOLECULAR BIOLOGY","SCIE","9,038","6.5","Q1","1.02","100"%,
"CELLULAR AND MOLECULAR LIFE SCIENCES","CELL MOL LIFE SCI","SPRINGER BASEL AG","1420-682X","1420-9071","BIOCHEMISTRY & MOLECULAR BIOLOGY","SCIE","44,129","6.5","Q1","0.98","87.62"%,
"CELLULAR AND MOLECULAR LIFE SCIENCES","CELL MOL LIFE SCI","SPRINGER BASEL AG","1420-682X","1420-9071","CELL BIOLOGY","SCIE","44,129","6.5","Q2","0.98","87.62"%,
"EXPERT REVIEWS IN MOLECULAR MEDICINE","EXPERT REV MOL MED","CAMBRIDGE UNIV PRESS","1462-3994","1462-3994","BIOCHEMISTRY & MOLECULAR BIOLOGY","SCIE","2,509","6.5","Q1","0.57","87.5"%,
"MOLECULAR BIOLOGY AND EVOLUTION","MOL BIOL EVOL","OXFORD UNIV PRESS","0737-4038","1537-1719","BIOCHEMISTRY & MOLECULAR BIOLOGY","SCIE","72,786","6.4","Q1","1.61","100"%,
"Stress Biology","STRESS BIOL","SPRINGERNATURE","N/A","2731-0450","BIOCHEMISTRY & MOLECULAR BIOLOGY","ESCI","1,465","6.4","Q1","0.85","100"%,
"Cell Insight","CELL INSIGHT","ELSEVIER","N/A","2772-8927","BIOCHEMISTRY & MOLECULAR BIOLOGY","ESCI","649","6.4","Q1","0.64","100"%,
"Cell Insight","CELL INSIGHT","ELSEVIER","N/A","2772-8927","CELL BIOLOGY","ESCI","649","6.4","Q2","0.64","100"%,
"GENOME RESEARCH","GENOME RES","COLD SPRING HARBOR LAB PRESS, PUBLICATIONS DEPT","1088-9051","1549-5469","BIOCHEMISTRY & MOLECULAR BIOLOGY","SCIE","43,894","6.3","Q1","1.35","3.08"%,
"Food & Function","FOOD FUNCT","ROYAL SOC CHEMISTRY","2042-6496","2042-650X","BIOCHEMISTRY & MOLECULAR BIOLOGY","SCIE","45,712","6.3","Q1","1.08","19.03"%,
"Biomedical Journal","BIOMED J","ELSEVIER","2319-4170","2320-2890","BIOCHEMISTRY & MOLECULAR BIOLOGY","SCIE","3,768","6.3","Q1","0.96","100"%,
"Organogenesis","ORGANOGENESIS","TAYLOR & FRANCIS INC","1547-6278","1555-8592","BIOCHEMISTRY & MOLECULAR BIOLOGY","SCIE","1,061","6.3","Q1","0.68","100"%,
"INFLAMMATION RESEARCH","INFLAMM RES","SPRINGER BASEL AG","1023-3830","1420-908X","CELL BIOLOGY","SCIE","8,155","6.2","Q2","0.86","22.02"%,
"CURRENT OPINION IN CELL BIOLOGY","CURR OPIN CELL BIOL","CURRENT BIOLOGY LTD","0955-0674","1879-0410","CELL BIOLOGY","SCIE","12,807","6.2","Q2","0.84","58.25"%,
"EXCLI Journal","EXCLI J","EXCLI JOURNAL MANAGING OFFICE","1611-2156","1611-2156","BIOLOGY","SCIE","4,410","6.2","Q1","0.81","0"%,
"JOURNAL OF CELL BIOLOGY","J CELL BIOL","ROCKEFELLER UNIV PRESS","0021-9525","1540-8140","CELL BIOLOGY","SCIE","57,446","6.1","Q2","0.92","43.06"%,
"EMBO REPORTS","EMBO REP","SPRINGERNATURE","1469-221X","1469-3178","BIOCHEMISTRY & MOLECULAR BIOLOGY","SCIE","22,822","6","Q1","0.97","85.56"%,
"EMBO REPORTS","EMBO REP","SPRINGERNATURE","1469-221X","1469-3178","CELL BIOLOGY","SCIE","22,822","6","Q2","0.97","85.56"%,
"Journal of Molecular Cell Biology","J MOL CELL BIOL","OXFORD UNIV PRESS","1674-2788","1759-4685","CELL BIOLOGY","SCIE","4,024","6","Q2","0.73","100"%,
"Cells","CELLS-BASEL","MDPI","N/A","2073-4409","CELL BIOLOGY","SCIE","117,063","6","Q2","0.6","99.97"%,
"Emerging Topics in Life Sciences","EMERG TOP LIFE SCI","PORTLAND PRESS LTD","2397-8554","2397-8562","BIOCHEMISTRY & MOLECULAR BIOLOGY","ESCI","1,763","6","Q1","0.49","68.42"%,
"Emerging Topics in Life Sciences","EMERG TOP LIFE SCI","PORTLAND PRESS LTD","2397-8554","2397-8562","BIOLOGY","ESCI","1,763","6","Q1","0.49","68.42"%,
"Molecular Ecology Resources","MOL ECOL RESOUR","WILEY","1755-098X","1755-0998","BIOCHEMISTRY & MOLECULAR BIOLOGY","SCIE","18,571","5.9","Q1","1.5","65.22"%,
"BIOMACROMOLECULES","BIOMACROMOLECULES","AMER CHEMICAL SOC","1525-7797","1526-4602","BIOCHEMISTRY & MOLECULAR BIOLOGY","SCIE","41,799","5.9","Q1","1.27","23.65"%,
"Cancer & Metabolism","CANCER METAB","BMC","N/A","2049-3002","CELL BIOLOGY","SCIE","1,980","5.9","Q2","1.07","100"%,
"GENE THERAPY","GENE THER","SPRINGERNATURE","0969-7128","1476-5462","BIOCHEMISTRY & MOLECULAR BIOLOGY","SCIE","6,613","5.9","Q1","1.05","52.41"%,
"MATRIX BIOLOGY","MATRIX BIOL","ELSEVIER","0945-053X","1569-1802","BIOCHEMISTRY & MOLECULAR BIOLOGY","SCIE","8,942","5.9","Q1","0.92","48.73"%,
"MATRIX BIOLOGY","MATRIX BIOL","ELSEVIER","0945-053X","1569-1802","CELL BIOLOGY","SCIE","8,942","5.9","Q2","0.92","48.73"%,
"Communications Biology","COMMUN BIOL","NATURE PORTFOLIO","N/A","2399-3642","BIOLOGY","SCIE","46,196","5.8","Q1","1.66","99.98"%,
"Cell Reports Methods","CELL REP METHODS","CELL PRESS","2667-2375","2667-2375","CELL BIOLOGY","ESCI","3,163","5.8","Q2","0.99","100"%,
"MOLECULAR CANCER RESEARCH","MOL CANCER RES","AMER ASSOC CANCER RESEARCH","1541-7786","1557-3125","CELL BIOLOGY","SCIE","10,183","5.8","Q2","0.83","25.19"%,
"CELL BIOLOGY AND TOXICOLOGY","CELL BIOL TOXICOL","SPRINGER","0742-2091","1573-6822","CELL BIOLOGY","SCIE","4,619","5.7","Q2","1.1","87.46"%,
"Journal of Zhejiang University-SCIENCE B","J ZHEJIANG UNIV-SC B","ZHEJIANG UNIV PRESS","1673-1581","1862-1783","BIOCHEMISTRY & MOLECULAR BIOLOGY","SCIE","5,163","5.7","Q1","0.86","5.43"%,
"MITOCHONDRION","MITOCHONDRION","ELSEVIER SCI LTD","1567-7249","1872-8278","CELL BIOLOGY","SCIE","6,358","5.7","Q2","0.84","29.29"%,
"Essays in Biochemistry","ESSAYS BIOCHEM","PORTLAND PRESS LTD","0071-1365","1744-1358","BIOCHEMISTRY & MOLECULAR BIOLOGY","SCIE","6,166","5.7","Q1","0.53","67.88"%,
"CELLULAR ONCOLOGY","CELL ONCOL","SPRINGER","2211-3428","2211-3436","CELL BIOLOGY","SCIE","4,465","5.6","Q2","1.12","51.69"%,
"Stem Cell Reports","STEM CELL REP","CELL PRESS","2213-6711","2213-6711","CELL BIOLOGY","SCIE","11,538","5.6","Q2","1","100"%,
"PROTEIN SCIENCE","PROTEIN SCI","WILEY","0961-8368","1469-896X","BIOCHEMISTRY & MOLECULAR BIOLOGY","SCIE","25,403","5.6","Q1","0.96","57.26"%,
"Non-coding RNA Research","NON-CODING RNA RES","KEAI PUBLISHING LTD","2468-2160","2468-0540","BIOCHEMISTRY & MOLECULAR BIOLOGY","ESCI","1,901","5.6","Q1","0.93","100"%,
"Biomolecules","BIOMOLECULES","MDPI","N/A","2218-273X","BIOCHEMISTRY & MOLECULAR BIOLOGY","SCIE","65,970","5.6","Q1","0.71","99.9"%,
"INTERNATIONAL JOURNAL OF MOLECULAR SCIENCES","INT J MOL SCI","MDPI","1661-6596","1422-0067","BIOCHEMISTRY & MOLECULAR BIOLOGY","SCIE","565,688","5.6","Q1","0.68","99.96"%,
"Cell Regeneration","CELL REGEN","SPRINGERNATURE","N/A","2045-9769","CELL BIOLOGY","ESCI","921","5.6","Q2","0.61","100"%,
"Chemical Biology Letters","CHEM BIOL LETT","ScienceIn Publications","N/A","2347-9825","BIOCHEMISTRY & MOLECULAR BIOLOGY","ESCI","382","5.6","Q1","0.49","36.71"%,
"Current Opinion in Insect Science","CURR OPIN INSECT SCI","ELSEVIER","2214-5745","2214-5753","BIOLOGY","SCIE","6,918","5.5","Q1","1.66","40"%,
"Biology Direct","BIOL DIRECT","BMC","N/A","1745-6150","BIOLOGY","SCIE","3,522","5.5","Q1","1.43","100"%,
"NEUROCHEMISTRY INTERNATIONAL","NEUROCHEM INT","PERGAMON-ELSEVIER SCIENCE LTD","0197-0186","1872-9754","BIOCHEMISTRY & MOLECULAR BIOLOGY","SCIE","11,562","5.5","Q1","1.14","21.08"%,
"Nucleus","NUCLEUS-PHILA","TAYLOR & FRANCIS INC","1949-1034","1949-1042","CELL BIOLOGY","SCIE","1,536","5.5","Q2","0.33","100"%,
"BMC BIOLOGY","BMC BIOL","BMC","N/A","1741-7007","BIOLOGY","SCIE","14,355","5.4","Q1","1.42","99.79"%,
"BIOLOGICAL RESEARCH","BIOL RES","SOC BIOLGIA CHILE","0716-9760","0717-6287","BIOLOGY","SCIE","4,197","5.4","Q1","1.34","100"%,
"AMERICAN JOURNAL OF RESPIRATORY CELL AND MOLECULAR BIOLOGY","AM J RESP CELL MOL","OXFORD UNIV PRESS","1044-1549","1535-4989","BIOCHEMISTRY & MOLECULAR BIOLOGY","SCIE","13,377","5.4","Q1","1.1","11.11"%,
"AMERICAN JOURNAL OF RESPIRATORY CELL AND MOLECULAR BIOLOGY","AM J RESP CELL MOL","OXFORD UNIV PRESS","1044-1549","1535-4989","CELL BIOLOGY","SCIE","13,377","5.4","Q2","1.1","11.11"%,
"AMERICAN JOURNAL OF PHYSIOLOGY-CELL PHYSIOLOGY","AM J PHYSIOL-CELL PH","AMER PHYSIOLOGICAL SOC","0363-6143","1522-1563","CELL BIOLOGY","SCIE","19,177","5.4","Q2","0.97","38.53"%,
"INFLAMMATION","INFLAMMATION","SPRINGER/PLENUM PUBLISHERS","0360-3997","1573-2576","CELL BIOLOGY","SCIE","11,490","5.4","Q2","0.87","41.08"%,
"PHILOSOPHICAL TRANSACTIONS OF THE ROYAL SOCIETY B-BIOLOGICAL SCIENCES","PHILOS T R SOC B","ROYAL SOC","0962-8436","1471-2970","BIOLOGY","SCIE","60,491","5.3","Q1","1.29","64"%,
"JOURNAL OF ENZYME INHIBITION AND MEDICINAL CHEMISTRY","J ENZYM INHIB MED CH","TAYLOR & FRANCIS LTD","1475-6366","1475-6374","BIOCHEMISTRY & MOLECULAR BIOLOGY","SCIE","9,047","5.3","Q1","1.25","100"%,
"Frontiers in Cell and Developmental Biology","FRONT CELL DEV BIOL","FRONTIERS MEDIA SA","2296-634X","2296-634X","CELL BIOLOGY","SCIE","62,234","5.3","Q2","0.77","99.9"%,
"CHEMICO-BIOLOGICAL INTERACTIONS","CHEM-BIOL INTERACT","ELSEVIER IRELAND LTD","0009-2797","1872-7786","BIOCHEMISTRY & MOLECULAR BIOLOGY","SCIE","20,894","5.2","Q1","1.18","14.65"%,
"JOURNAL OF NUTRITIONAL BIOCHEMISTRY","J NUTR BIOCHEM","ELSEVIER SCIENCE INC","0955-2863","1873-4847","BIOCHEMISTRY & MOLECULAR BIOLOGY","SCIE","14,951","5.2","Q1","1.02","22.38"%,
"BIOFACTORS","BIOFACTORS","WILEY","0951-6433","1872-8081","BIOCHEMISTRY & MOLECULAR BIOLOGY","SCIE","5,999","5.2","Q1","0.95","34.85"%,
"AMYLOID-JOURNAL OF PROTEIN FOLDING DISORDERS","AMYLOID","TAYLOR & FRANCIS LTD","1350-6129","1744-2818","BIOCHEMISTRY & MOLECULAR BIOLOGY","SCIE","2,531","5.1","Q2","1.27","19.35"%,
"BIOORGANIC CHEMISTRY","BIOORG CHEM","ACADEMIC PRESS INC ELSEVIER SCIENCE","0045-2068","1090-2120","BIOCHEMISTRY & MOLECULAR BIOLOGY","SCIE","28,462","5.1","Q2","1.16","9.96"%,
"JOURNAL OF PHYSIOLOGY AND BIOCHEMISTRY","J PHYSIOL BIOCHEM","SPRINGER","1138-7548","1877-8755","BIOCHEMISTRY & MOLECULAR BIOLOGY","SCIE","3,122","5.1","Q2","1.01","36.07"%,
"MOLECULES","MOLECULES","MDPI","N/A","1420-3049","BIOCHEMISTRY & MOLECULAR BIOLOGY","SCIE","284,626","5.1","Q2","0.71","99.96"%,
"Artificial Intelligence in the Life Sciences","ARTIF INTEL LIFE SCI","ELSEVIER","N/A","2667-3185","BIOCHEMISTRY & MOLECULAR BIOLOGY","ESCI","464","5.1","Q2","0.7","100"%,
"Function","FUNCTION","OXFORD UNIV PRESS","N/A","2633-8823","CELL BIOLOGY","ESCI","912","5","Q2","1.08","100"%,
"BIOCHIMICA ET BIOPHYSICA ACTA-MOLECULAR BASIS OF DISEASE","BBA-MOL BASIS DIS","ELSEVIER","0925-4439","1879-260X","BIOCHEMISTRY & MOLECULAR BIOLOGY","SCIE","23,286","5","Q2","0.93","26.81"%,
"HLA","HLA","WILEY","2059-2302","2059-2310","CELL BIOLOGY","SCIE","2,418","5","Q2","0.63","27.46"%,
"Channels","CHANNELS","TAYLOR & FRANCIS INC","1933-6950","1933-6969","BIOCHEMISTRY & MOLECULAR BIOLOGY","SCIE","1,680","5","Q2","0.62","100"%,
"BIOELECTROCHEMISTRY","BIOELECTROCHEMISTRY","ELSEVIER SCIENCE SA","1567-5394","1878-562X","BIOCHEMISTRY & MOLECULAR BIOLOGY","SCIE","8,368","4.9","Q2","1.11","20.22"%,
"BIOELECTROCHEMISTRY","BIOELECTROCHEMISTRY","ELSEVIER SCIENCE SA","1567-5394","1878-562X","BIOLOGY","SCIE","8,368","4.9","Q1","1.11","20.22"%,
"CELL CALCIUM","CELL CALCIUM","ELSEVIER SCI LTD","0143-4160","1532-1991","CELL BIOLOGY","SCIE","5,847","4.9","Q2","1.08","38.79"%,
"BioScience Trends","BIOSCI TRENDS","IRCA-BSSA","1881-7815","1881-7823","BIOLOGY","SCIE","2,554","4.9","Q1","1","100"%,
"JOURNAL OF MOLECULAR AND CELLULAR CARDIOLOGY","J MOL CELL CARDIOL","ELSEVIER SCI LTD","0022-2828","1095-8584","CELL BIOLOGY","SCIE","14,293","4.9","Q2","0.93","22.49"%,
"Stem Cell Reviews and Reports","STEM CELL REV REP","SPRINGER","2629-3269","2629-3277","CELL BIOLOGY","SCIE","5,725","4.9","Q2","0.88","38.68"%,
"JOURNAL OF LIPID RESEARCH","J LIPID RES","ELSEVIER","0022-2275","1539-7262","BIOCHEMISTRY & MOLECULAR BIOLOGY","SCIE","24,783","4.9","Q2","0.85","100"%,
"MEDIATORS OF INFLAMMATION","MEDIAT INFLAMM","WILEY","0962-9351","1466-1861","CELL BIOLOGY","SCIE","17,182","4.9","Q2","0.71","100"%,
"World Journal of Stem Cells","WORLD J STEM CELLS","BAISHIDENG PUBLISHING GROUP INC","1948-0210","1948-0210","CELL BIOLOGY","SCIE","3,101","4.9","Q2","0.62","82.4"%,
"Cell Division","CELL DIV","BMC","N/A","1747-1028","CELL BIOLOGY","SCIE","914","4.9","Q2","0.49","100"%,
"Pesticide Biochemistry and Physiology","PESTIC BIOCHEM PHYS","ACADEMIC PRESS INC ELSEVIER SCIENCE","0048-3575","1095-9939","BIOCHEMISTRY & MOLECULAR BIOLOGY","SCIE","14,203","4.8","Q2","1.59","7.21"%,
"Computational and Structural Biotechnology Journal","COMPUT STRUCT BIOTEC","ELSEVIER","2001-0370","2001-0370","BIOCHEMISTRY & MOLECULAR BIOLOGY","SCIE","17,146","4.8","Q2","0.84","100"%,
"STEM CELLS","STEM CELLS","OXFORD UNIV PRESS","1066-5099","1549-4918","CELL BIOLOGY","SCIE","14,007","4.8","Q2","0.77","31.65"%,
"YALE JOURNAL OF BIOLOGY AND MEDICINE","YALE J BIOL MED","YALE J BIOLOGY MEDICINE, INC","0044-0086","1551-4056","BIOLOGY","SCIE","3,676","4.8","Q1","0.76","91.47"%,
"Journal of Extracellular Biology","J EXTRACELL BIOL","WILEY","2768-2811","2768-2811","BIOCHEMISTRY & MOLECULAR BIOLOGY","ESCI","990","4.8","Q2","0.7","100"%,
"Journal of Extracellular Biology","J EXTRACELL BIOL","WILEY","2768-2811","2768-2811","CELL BIOLOGY","ESCI","990","4.8","Q2","0.7","100"%,
"JOURNAL OF MOLECULAR BIOLOGY","J MOL BIOL","ACADEMIC PRESS LTD- ELSEVIER SCIENCE LTD","0022-2836","1089-8638","BIOCHEMISTRY & MOLECULAR BIOLOGY","SCIE","55,160","4.7","Q2","0.86","46.59"%,
"JOURNAL OF LIPOSOME RESEARCH","J LIPOSOME RES","TAYLOR & FRANCIS LTD","0898-2104","1532-2394","BIOCHEMISTRY & MOLECULAR BIOLOGY","SCIE","2,274","4.7","Q2","0.82","4.07"%,
"PLANT AND CELL PHYSIOLOGY","PLANT CELL PHYSIOL","OXFORD UNIV PRESS","0032-0781","1471-9053","CELL BIOLOGY","SCIE","21,533","4.7","Q2","0.82","37.21"%,
"JOURNAL OF CELLULAR AND MOLECULAR MEDICINE","J CELL MOL MED","WILEY","1582-1838","1582-4934","CELL BIOLOGY","SCIE","31,945","4.7","Q2","0.8","100"%,
"CELLULAR SIGNALLING","CELL SIGNAL","ELSEVIER SCIENCE INC","0898-6568","1873-3913","CELL BIOLOGY","SCIE","17,659","4.7","Q2","0.69","21.67"%,
"Synthetic Biology","SYN BIOL","OXFORD UNIV PRESS","N/A","2397-7000","BIOLOGY","SCIE","578","4.7","Q1","0.58","100"%,
"MOLECULAR AND CELLULAR BIOCHEMISTRY","MOL CELL BIOCHEM","SPRINGER","0300-8177","1573-4919","CELL BIOLOGY","SCIE","15,317","4.7","Q2","0.57","20.3"%,
"EUROPEAN JOURNAL OF HUMAN GENETICS","EUR J HUM GENET","SPRINGERNATURE","1018-4813","1476-5438","BIOCHEMISTRY & MOLECULAR BIOLOGY","SCIE","13,149","4.6","Q2","0.99","59.17"%,
"STRUCTURE","STRUCTURE","CELL PRESS","0969-2126","1878-4186","BIOCHEMISTRY & MOLECULAR BIOLOGY","SCIE","15,032","4.6","Q2","0.94","25.84"%,
"STRUCTURE","STRUCTURE","CELL PRESS","0969-2126","1878-4186","CELL BIOLOGY","SCIE","15,032","4.6","Q2","0.94","25.84"%,
"PLANT SCIENCE","PLANT SCI","ELSEVIER IRELAND LTD","0168-9452","1873-2259","BIOCHEMISTRY & MOLECULAR BIOLOGY","SCIE","25,368","4.6","Q2","0.93","13.55"%,
"NAR Cancer","NAR CANCER","OXFORD UNIV PRESS","2632-8674","2632-8674","BIOCHEMISTRY & MOLECULAR BIOLOGY","ESCI","1,159","4.6","Q2","0.81","100"%,
"JOURNAL OF NEUROCHEMISTRY","J NEUROCHEM","WILEY","0022-3042","1471-4159","BIOCHEMISTRY & MOLECULAR BIOLOGY","SCIE","29,950","4.6","Q2","0.78","47.25"%,
"RSC Medicinal Chemistry","RSC MED CHEM","ROYAL SOC CHEMISTRY","N/A","2632-8682","BIOCHEMISTRY & MOLECULAR BIOLOGY","SCIE","4,856","4.6","Q2","0.73","28.86"%,
"ACS Chemical Neuroscience","ACS CHEM NEUROSCI","AMER CHEMICAL SOC","1948-7193","1948-7193","BIOCHEMISTRY & MOLECULAR BIOLOGY","SCIE","14,448","4.5","Q2","0.94","29.46"%,
"Nucleic Acid Therapeutics","NUCLEIC ACID THER","SAGE PUBLICATIONS INC","2159-3337","2159-3345","BIOCHEMISTRY & MOLECULAR BIOLOGY","SCIE","1,950","4.5","Q2","0.89","36.14"%,
"ACTA BIOCHIMICA ET BIOPHYSICA SINICA","ACTA BIOCH BIOPH SIN","SCIENCE PRESS","1672-9145","1745-7270","BIOCHEMISTRY & MOLECULAR BIOLOGY","SCIE","6,868","4.5","Q2","0.84","99.79"%,
"NEUROCHEMICAL RESEARCH","NEUROCHEM RES","SPRINGER/PLENUM PUBLISHERS","0364-3190","1573-6903","BIOCHEMISTRY & MOLECULAR BIOLOGY","SCIE","14,927","4.5","Q2","0.84","21.6"%,
"BBA Advances","BBA ADV","ELSEVIER","N/A","2667-1603","BIOCHEMISTRY & MOLECULAR BIOLOGY","ESCI","516","4.5","Q2","0.82","100"%,
"CYTOTHERAPY","CYTOTHERAPY","ELSEVIER SCI LTD","1465-3249","1477-2566","CELL BIOLOGY","SCIE","7,413","4.5","Q2","0.82","33.33"%,
"BIOCONJUGATE CHEMISTRY","BIOCONJUGATE CHEM","AMER CHEMICAL SOC","1043-1802","1520-4812","BIOCHEMISTRY & MOLECULAR BIOLOGY","SCIE","15,983","4.5","Q2","0.8","20.26"%,
"Biomedicines","BIOMEDICINES","MDPI","N/A","2227-9059","BIOCHEMISTRY & MOLECULAR BIOLOGY","SCIE","62,243","4.5","Q2","0.77","99.97"%,
"Metabolites","METABOLITES","MDPI","N/A","2218-1989","BIOCHEMISTRY & MOLECULAR BIOLOGY","SCIE","24,545","4.5","Q2","0.66","99.96"%,
"CURRENT OPINION IN LIPIDOLOGY","CURR OPIN LIPIDOL","LIPPINCOTT WILLIAMS & WILKINS","0957-9672","1473-6535","BIOCHEMISTRY & MOLECULAR BIOLOGY","SCIE","4,024","4.5","Q2","0.6","24"%,
"PROGRESS IN BIOPHYSICS & MOLECULAR BIOLOGY","PROG BIOPHYS MOL BIO","PERGAMON-ELSEVIER SCIENCE LTD","0079-6107","1873-1732","BIOCHEMISTRY & MOLECULAR BIOLOGY","SCIE","4,726","4.5","Q2","0.57","19.35"%,
"BIOSCIENCE REPORTS","BIOSCIENCE REP","PORTLAND PRESS LTD","0144-8463","1573-4935","BIOCHEMISTRY & MOLECULAR BIOLOGY","SCIE","11,943","4.5","Q2","0.55","97.88"%,
"BIOSCIENCE REPORTS","BIOSCIENCE REP","PORTLAND PRESS LTD","0144-8463","1573-4935","CELL BIOLOGY","SCIE","11,943","4.5","Q2","0.55","97.88"%,
"Expert Opinion on Drug Metabolism & Toxicology","EXPERT OPIN DRUG MET","TAYLOR & FRANCIS LTD","1742-5255","1744-7607","BIOCHEMISTRY & MOLECULAR BIOLOGY","SCIE","5,723","4.5","Q2","0.53","4.69"%,
"COMPARATIVE BIOCHEMISTRY AND PHYSIOLOGY C-TOXICOLOGY & PHARMACOLOGY","COMP BIOCHEM PHYS C","ELSEVIER SCIENCE INC","1532-0456","1878-1659","BIOCHEMISTRY & MOLECULAR BIOLOGY","SCIE","9,779","4.4","Q2","1.3","12.88"%,
"PROCESS BIOCHEMISTRY","PROCESS BIOCHEM","ELSEVIER SCI LTD","1359-5113","1873-3298","BIOCHEMISTRY & MOLECULAR BIOLOGY","SCIE","20,624","4.4","Q2","0.8","8.32"%,
"Frontiers in Molecular Biosciences","FRONT MOL BIOSCI","FRONTIERS MEDIA SA","N/A","2296-889X","BIOCHEMISTRY & MOLECULAR BIOLOGY","SCIE","22,478","4.4","Q2","0.62","99.88"%,
"Wiley Interdisciplinary Reviews-RNA","WIRES RNA","WILEY","1757-7004","1757-7012","CELL BIOLOGY","SCIE","4,493","4.4","Q2","0.4","44.63"%,
"BIOCHEMICAL SOCIETY TRANSACTIONS","BIOCHEM SOC T","PORTLAND PRESS LTD","0300-5127","1470-8752","BIOCHEMISTRY & MOLECULAR BIOLOGY","SCIE","14,529","4.4","Q2","0.39","68.26"%,
"INSECT BIOCHEMISTRY AND MOLECULAR BIOLOGY","INSECT BIOCHEM MOLEC","PERGAMON-ELSEVIER SCIENCE LTD","0965-1748","1879-0240","BIOCHEMISTRY & MOLECULAR BIOLOGY","SCIE","9,869","4.3","Q2","1.25","20.59"%,
"WOUND REPAIR AND REGENERATION","WOUND REPAIR REGEN","WILEY","1067-1927","1524-475X","CELL BIOLOGY","SCIE","7,554","4.3","Q2","1.15","46.03"%,
"Acta Crystallographica Section D-Structural Biology","ACTA CRYSTALLOGR D","INT UNION CRYSTALLOGRAPHY","2059-7983","2059-7983","BIOCHEMISTRY & MOLECULAR BIOLOGY","SCIE","19,882","4.3","Q2","1.12","78.5"%,
"Biology-Basel","BIOLOGY-BASEL","MDPI","N/A","2079-7737","BIOLOGY","SCIE","32,407","4.3","Q1","0.89","99.98"%,
"FASEB JOURNAL","FASEB J","WILEY","0892-6638","1530-6860","BIOCHEMISTRY & MOLECULAR BIOLOGY","SCIE","52,322","4.3","Q2","0.85","42.02"%,
"FASEB JOURNAL","FASEB J","WILEY","0892-6638","1530-6860","BIOLOGY","SCIE","52,322","4.3","Q1","0.85","42.02"%,
"FASEB JOURNAL","FASEB J","WILEY","0892-6638","1530-6860","CELL BIOLOGY","SCIE","52,322","4.3","Q2","0.85","42.02"%,
"CURRENT OPINION IN GENETICS & DEVELOPMENT","CURR OPIN GENET DEV","CURRENT BIOLOGY LTD","0959-437X","1879-0380","CELL BIOLOGY","SCIE","7,145","4.3","Q2","0.79","57.14"%,
"BIOLOGICAL TRACE ELEMENT RESEARCH","BIOL TRACE ELEM RES","SPRINGERNATURE","0163-4984","1559-0720","BIOCHEMISTRY & MOLECULAR BIOLOGY","SCIE","19,885","4.3","Q2","0.78","17.76"%,
"RNA","RNA","COLD SPRING HARBOR LAB PRESS, PUBLICATIONS DEPT","1355-8382","1469-9001","BIOCHEMISTRY & MOLECULAR BIOLOGY","SCIE","12,487","4.3","Q2","0.71","2.53"%,
"EUROPEAN JOURNAL OF CELL BIOLOGY","EUR J CELL BIOL","ELSEVIER GMBH","0171-9335","1618-1298","CELL BIOLOGY","SCIE","4,498","4.3","Q2","0.68","100"%,
"BIOCHIMICA ET BIOPHYSICA ACTA-MOLECULAR CELL RESEARCH","BBA-MOL CELL RES","ELSEVIER","0167-4889","1879-2596","BIOCHEMISTRY & MOLECULAR BIOLOGY","SCIE","18,647","4.3","Q2","0.65","32.82"%,
"BIOCHIMICA ET BIOPHYSICA ACTA-MOLECULAR CELL RESEARCH","BBA-MOL CELL RES","ELSEVIER","0167-4889","1879-2596","CELL BIOLOGY","SCIE","18,647","4.3","Q2","0.65","32.82"%,
"Proteomes","PROTEOMES","MDPI","N/A","2227-7382","BIOCHEMISTRY & MOLECULAR BIOLOGY","ESCI","1,278","4.3","Q2","0.55","100"%,
"Cell Adhesion & Migration","CELL ADHES MIGR","TAYLOR & FRANCIS INC","1933-6918","1933-6926","CELL BIOLOGY","SCIE","2,450","4.3","Q2","0.48","100"%,
"Tissue Engineering Part B-Reviews","TISSUE ENG PART B-RE","SAGE PUBLICATIONS INC","1937-3368","1937-3376","CELL BIOLOGY","SCIE","5,087","4.3","Q2","0.43","6.59"%,
"Current Research in Structural Biology","CURR RES STRUCT BIOL","ELSEVIER","N/A","2665-928X","BIOCHEMISTRY & MOLECULAR BIOLOGY","ESCI","523","4.2","Q2","0.83","100"%,
"Current Research in Structural Biology","CURR RES STRUCT BIOL","ELSEVIER","N/A","2665-928X","CELL BIOLOGY","ESCI","523","4.2","Q2","0.83","100"%,
"FEBS Journal","FEBS J","WILEY","1742-464X","1742-4658","BIOCHEMISTRY & MOLECULAR BIOLOGY","SCIE","27,624","4.2","Q2","0.67","50.55"%,
"MACROMOLECULAR BIOSCIENCE","MACROMOL BIOSCI","WILEY-V C H VERLAG GMBH","1616-5187","1616-5195","BIOCHEMISTRY & MOLECULAR BIOLOGY","SCIE","9,771","4.2","Q2","0.67","32.24"%,
"Non-Coding RNA","NON-CODING RNA","MDPI","N/A","2311-553X","BIOCHEMISTRY & MOLECULAR BIOLOGY","ESCI","1,927","4.2","Q2","0.59","100"%,
"BIOINORGANIC CHEMISTRY AND APPLICATIONS","BIOINORG CHEM APPL","WILEY","1565-3633","1687-479X","BIOCHEMISTRY & MOLECULAR BIOLOGY","SCIE","2,100","4.1","Q2","1.07","100"%,
"Cosmetics","COSMETICS-BASEL","MDPI","N/A","2079-9284","BIOCHEMISTRY & MOLECULAR BIOLOGY","ESCI","4,676","4.1","Q2","0.91","99.85"%,
"Plant Signaling & Behavior","PLANT SIGNAL BEHAV","TAYLOR & FRANCIS INC","1559-2316","1559-2324","BIOCHEMISTRY & MOLECULAR BIOLOGY","SCIE","11,736","4.1","Q2","0.79","100"%,
"JOURNAL OF TRACE ELEMENTS IN MEDICINE AND BIOLOGY","J TRACE ELEM MED BIO","ELSEVIER GMBH","0946-672X","1878-3252","BIOCHEMISTRY & MOLECULAR BIOLOGY","SCIE","8,378","4.1","Q2","0.78","15.48"%,
"JOURNAL OF BIOLOGICAL CHEMISTRY","J BIOL CHEM","ELSEVIER","0021-9258","1083-351X","BIOCHEMISTRY & MOLECULAR BIOLOGY","SCIE","277,700","4.1","Q2","0.77","99.97"%,
"PROTEOMICS","PROTEOMICS","WILEY-V C H VERLAG GMBH","1615-9853","1615-9861","BIOCHEMISTRY & MOLECULAR BIOLOGY","SCIE","11,300","4.1","Q2","0.69","60.45"%,
"CELL STRESS & CHAPERONES","CELL STRESS CHAPERON","ELSEVIER SCIENCE INC","1355-8145","1466-1268","CELL BIOLOGY","SCIE","4,519","4.1","Q2","0.68","73.21"%,
"RNA Biology","RNA BIOL","TAYLOR & FRANCIS INC","1547-6286","1555-8584","BIOCHEMISTRY & MOLECULAR BIOLOGY","SCIE","7,801","4.1","Q2","0.58","100"%,
"CURRENT ISSUES IN MOLECULAR BIOLOGY","CURR ISSUES MOL BIOL","MDPI","1467-3037","1467-3045","BIOCHEMISTRY & MOLECULAR BIOLOGY","SCIE","10,319","4.1","Q2","0.54","99.92"%,
"BMB Reports","BMB REP","KOREAN SOCIETY BIOCHEMISTRY & MOLECULAR BIOLOGY","1976-6696","1976-670X","BIOCHEMISTRY & MOLECULAR BIOLOGY","SCIE","4,444","4.1","Q2","0.53","98.25"%,
"Microbial Cell","MICROB CELL","SHARED SCIENCE PUBLISHERS OG","2311-2638","2311-2638","CELL BIOLOGY","SCIE","1,352","4.1","Q2","0.52","97.33"%,
"Frontiers in Bioscience-Landmark","FRONT BIOSCI-LANDMRK","IMR PRESS","2768-6701","2768-6698","BIOCHEMISTRY & MOLECULAR BIOLOGY","SCIE","13,242","4.1","Q2","0.48","100"%,
"Frontiers in Bioscience-Landmark","FRONT BIOSCI-LANDMRK","IMR PRESS","2768-6701","2768-6698","CELL BIOLOGY","SCIE","13,242","4.1","Q2","0.48","100"%,
"Interface Focus","INTERFACE FOCUS","ROYAL SOC","2042-8898","2042-8901","BIOLOGY","SCIE","3,417","4","Q1","1.07","62.02"%,
"MOLECULAR PHYLOGENETICS AND EVOLUTION","MOL PHYLOGENET EVOL","ACADEMIC PRESS INC ELSEVIER SCIENCE","1055-7903","1095-9513","BIOCHEMISTRY & MOLECULAR BIOLOGY","SCIE","21,037","4","Q2","1.01","29.87"%,
"JOURNAL OF PHOTOCHEMISTRY AND PHOTOBIOLOGY B-BIOLOGY","J PHOTOCH PHOTOBIO B","ELSEVIER SCIENCE SA","1011-1344","1873-2682","BIOCHEMISTRY & MOLECULAR BIOLOGY","SCIE","16,103","4","Q2","0.96","15.37"%,
"DIFFERENTIATION","DIFFERENTIATION","ELSEVIER SCI LTD","0301-4681","1432-0436","CELL BIOLOGY","SCIE","2,538","4","Q3","0.81","25.2"%,
"JOURNAL OF CELLULAR PHYSIOLOGY","J CELL PHYSIOL","WILEY","0021-9541","1097-4652","CELL BIOLOGY","SCIE","33,508","4","Q3","0.81","27.12"%,
"Current Opinion in Systems Biology","CURR OPIN SYST BIOL","ELSEVIER","2452-3100","2452-3100","BIOCHEMISTRY & MOLECULAR BIOLOGY","ESCI","1,298","4","Q2","0.74","57.81"%,
"BIOMETALS","BIOMETALS","SPRINGER","0966-0844","1572-8773","BIOCHEMISTRY & MOLECULAR BIOLOGY","SCIE","5,423","4","Q2","0.71","17.08"%,
"Environmental Pollutants and Bioavailability","ENV POLLUT BIOAVAIL","TAYLOR & FRANCIS LTD","2639-5932","2639-5940","BIOCHEMISTRY & MOLECULAR BIOLOGY","SCIE","1,015","4","Q2","0.66","100"%,
"CURRENT GENOMICS","CURR GENOMICS","BENTHAM SCIENCE PUBL LTD","1389-2029","1875-5488","BIOCHEMISTRY & MOLECULAR BIOLOGY","SCIE","2,559","4","Q2","0.52","6.74"%,
"Journal of Cell Communication and Signaling","J CELL COMMUN SIGNAL","WILEY","1873-9601","1873-961X","CELL BIOLOGY","SCIE","2,481","4","Q3","0.47","68.83"%,
"MOLECULAR PLANT-MICROBE INTERACTIONS","MOL PLANT MICROBE IN","AMER PHYTOPATHOLOGICAL SOC","0894-0282","1943-7706","BIOCHEMISTRY & MOLECULAR BIOLOGY","SCIE","11,190","3.9","Q2","0.87","97.98"%,
"Life-Basel","LIFE-BASEL","MDPI","N/A","2075-1729","BIOLOGY","SCIE","33,596","3.9","Q1","0.73","99.97"%,
"Skeletal Muscle","SKELET MUSCLE","BMC","2044-5040","2044-5040","CELL BIOLOGY","SCIE","2,059","3.9","Q3","0.63","97.96"%,
"BIOCHEMICAL JOURNAL","BIOCHEM J","PORTLAND PRESS LTD","0264-6021","1470-8728","BIOCHEMISTRY & MOLECULAR BIOLOGY","SCIE","36,956","3.9","Q2","0.56","86.49"%,
"CELL CYCLE","CELL CYCLE","TAYLOR & FRANCIS INC","1538-4101","1551-4005","CELL BIOLOGY","SCIE","14,911","3.9","Q3","0.54","15.35"%,
"JOURNAL OF CELL SCIENCE","J CELL SCI","COMPANY BIOLOGISTS LTD","0021-9533","1477-9137","CELL BIOLOGY","SCIE","36,521","3.9","Q3","0.53","52.29"%,
"RSC Chemical Biology","RSC CHEM BIOL","ROYAL SOC CHEMISTRY","2633-0679","2633-0679","BIOCHEMISTRY & MOLECULAR BIOLOGY","ESCI","2,159","3.9","Q2","0.49","100"%,
"HISTOPATHOLOGY","HISTOPATHOLOGY","WILEY","0309-0167","1365-2559","CELL BIOLOGY","SCIE","12,606","3.8","Q3","0.92","47.08"%,
"BIOCHIMICA ET BIOPHYSICA ACTA-MOLECULAR AND CELL BIOLOGY OF LIPIDS","BBA-MOL CELL BIOL L","ELSEVIER","1388-1981","1879-2618","BIOCHEMISTRY & MOLECULAR BIOLOGY","SCIE","11,622","3.8","Q2","0.74","35.64"%,
"BIOCHIMICA ET BIOPHYSICA ACTA-MOLECULAR AND CELL BIOLOGY OF LIPIDS","BBA-MOL CELL BIOL L","ELSEVIER","1388-1981","1879-2618","CELL BIOLOGY","SCIE","11,622","3.8","Q3","0.74","35.64"%,
"NITRIC OXIDE-BIOLOGY AND CHEMISTRY","NITRIC OXIDE-BIOL CH","ACADEMIC PRESS INC ELSEVIER SCIENCE","1089-8603","1089-8611","BIOCHEMISTRY & MOLECULAR BIOLOGY","SCIE","4,585","3.8","Q2","0.66","20.99"%,
"NITRIC OXIDE-BIOLOGY AND CHEMISTRY","NITRIC OXIDE-BIOL CH","ACADEMIC PRESS INC ELSEVIER SCIENCE","1089-8603","1089-8611","CELL BIOLOGY","SCIE","4,585","3.8","Q3","0.66","20.99"%,
"Advances in Redox Research","ADV REDOX RES","ELSEVIER","N/A","2667-1379","BIOCHEMISTRY & MOLECULAR BIOLOGY","ESCI","393","3.8","Q2","0.6","100"%,
"Transcription-Austin","TRANSCR-AUSTIN","TAYLOR & FRANCIS INC","2154-1264","2154-1272","BIOCHEMISTRY & MOLECULAR BIOLOGY","ESCI","785","3.8","Q2","0.36","31.43"%,
"MOLECULAR ECOLOGY","MOL ECOL","WILEY","0962-1083","1365-294X","BIOCHEMISTRY & MOLECULAR BIOLOGY","SCIE","39,598","3.7","Q2","0.96","64.96"%,
"Epigenetics","EPIGENETICS-US","TAYLOR & FRANCIS INC","1559-2294","1559-2308","BIOCHEMISTRY & MOLECULAR BIOLOGY","SCIE","5,878","3.7","Q2","0.81","100"%,
"PLANT MOLECULAR BIOLOGY","PLANT MOL BIOL","SPRINGER","0167-4412","1573-5028","BIOCHEMISTRY & MOLECULAR BIOLOGY","SCIE","15,938","3.7","Q2","0.77","23.05"%,
"JOURNAL OF BIOENERGETICS AND BIOMEMBRANES","J BIOENERG BIOMEMBR","SPRINGER/PLENUM PUBLISHERS","0145-479X","1573-6881","CELL BIOLOGY","SCIE","2,619","3.7","Q3","0.74","14.41"%,
"MOLECULAR IMMUNOLOGY","MOL IMMUNOL","PERGAMON-ELSEVIER SCIENCE LTD","0161-5890","1872-9142","BIOCHEMISTRY & MOLECULAR BIOLOGY","SCIE","12,839","3.7","Q2","0.72","25.61"%,
"Oxygen","OXYGEN-BASEL","MDPI","N/A","2673-9801","BIOCHEMISTRY & MOLECULAR BIOLOGY","ESCI","686","3.7","Q2","0.65","100"%,
"Animal Cells and Systems","ANIM CELLS SYST","TAYLOR & FRANCIS LTD","1976-8354","2151-2485","CELL BIOLOGY","SCIE","1,059","3.6","Q3","1.04","100"%,
"METHODS","METHODS","ACADEMIC PRESS INC ELSEVIER SCIENCE","1046-2023","1095-9130","BIOCHEMISTRY & MOLECULAR BIOLOGY","SCIE","25,643","3.6","Q2","1.04","21.64"%,
"PROCEEDINGS OF THE ROYAL SOCIETY B-BIOLOGICAL SCIENCES","P ROY SOC B-BIOL SCI","ROYAL SOC","0962-8452","1471-2954","BIOLOGY","SCIE","61,725","3.6","Q1","1.02","61.82"%,
"Disease Models & Mechanisms","DIS MODEL MECH","COMPANY BIOLOGISTS LTD","1754-8403","1754-8411","CELL BIOLOGY","SCIE","8,327","3.6","Q3","0.89","100"%,
"ACS Chemical Biology","ACS CHEM BIOL","AMER CHEMICAL SOC","1554-8929","1554-8937","BIOCHEMISTRY & MOLECULAR BIOLOGY","SCIE","17,034","3.6","Q2","0.78","28.96"%,
"JOURNAL OF BIOCHEMICAL AND MOLECULAR TOXICOLOGY","J BIOCHEM MOL TOXIC","WILEY","1095-6670","1099-0461","BIOCHEMISTRY & MOLECULAR BIOLOGY","SCIE","7,581","3.6","Q2","0.72","11.59"%,
"Scientifica","SCIENTIFICA","WILEY","2090-908X","2090-908X","BIOLOGY","ESCI","2,754","3.6","Q1","0.7","100"%,
"Biochimica et Biophysica Acta-Gene Regulatory Mechanisms","BBA-GENE REGUL MECH","ELSEVIER","1874-9399","1876-4320","BIOCHEMISTRY & MOLECULAR BIOLOGY","SCIE","6,523","3.6","Q2","0.66","24.44"%,
"CYTOKINE","CYTOKINE","ACADEMIC PRESS LTD- ELSEVIER SCIENCE LTD","1043-4666","1096-0023","BIOCHEMISTRY & MOLECULAR BIOLOGY","SCIE","14,909","3.6","Q2","0.66","21.92"%,
"CYTOKINE","CYTOKINE","ACADEMIC PRESS LTD- ELSEVIER SCIENCE LTD","1043-4666","1096-0023","CELL BIOLOGY","SCIE","14,909","3.6","Q3","0.66","21.92"%,
"PEPTIDES","PEPTIDES","ELSEVIER SCIENCE INC","0196-9781","1873-5169","BIOCHEMISTRY & MOLECULAR BIOLOGY","SCIE","9,353","3.5","Q2","0.78","30.74"%,
"ARCHIVES OF BIOCHEMISTRY AND BIOPHYSICS","ARCH BIOCHEM BIOPHYS","ELSEVIER SCIENCE INC","0003-9861","1096-0384","BIOCHEMISTRY & MOLECULAR BIOLOGY","SCIE","23,072","3.5","Q2","0.76","20.14"%,
"ACS Bio & Med Chem Au","ACS BIO MED CHEM AU","AMER CHEMICAL SOC","N/A","2694-2437","BIOCHEMISTRY & MOLECULAR BIOLOGY","ESCI","687","3.5","Q2","0.75","100"%,
"BIOORGANIC & MEDICINAL CHEMISTRY","BIOORGAN MED CHEM","PERGAMON-ELSEVIER SCIENCE LTD","0968-0896","1464-3391","BIOCHEMISTRY & MOLECULAR BIOLOGY","SCIE","25,747","3.5","Q2","0.74","17.51"%,
"MOLECULAR CARCINOGENESIS","MOL CARCINOGEN","WILEY","0899-1987","1098-2744","BIOCHEMISTRY & MOLECULAR BIOLOGY","SCIE","6,265","3.5","Q2","0.72","24.19"%,
"Pigment Cell & Melanoma Research","PIGM CELL MELANOMA R","WILEY","1755-1471","1755-148X","CELL BIOLOGY","SCIE","5,072","3.5","Q3","0.7","41.07"%,
"APPLIED BIOCHEMISTRY AND BIOTECHNOLOGY","APPL BIOCHEM BIOTECH","SPRINGER","0273-2289","1559-0291","BIOCHEMISTRY & MOLECULAR BIOLOGY","SCIE","16,837","3.5","Q2","0.69","6.23"%,
"EXPERIMENTAL CELL RESEARCH","EXP CELL RES","ELSEVIER INC","0014-4827","1090-2422","CELL BIOLOGY","SCIE","20,636","3.5","Q3","0.64","23.55"%,
"PHOTOCHEMICAL & PHOTOBIOLOGICAL SCIENCES","PHOTOCH PHOTOBIO SCI","SPRINGERNATURE","1474-905X","1474-9092","BIOCHEMISTRY & MOLECULAR BIOLOGY","SCIE","8,046","3.5","Q2","0.64","35.87"%,
"PROTEIN ENGINEERING DESIGN & SELECTION","PROTEIN ENG DES SEL","OXFORD UNIV PRESS","1741-0126","1741-0134","BIOCHEMISTRY & MOLECULAR BIOLOGY","SCIE","4,023","3.5","Q2","0.6","21.15"%,
"Innate Immunity","INNATE IMMUN-LONDON","SAGE PUBLICATIONS LTD","1753-4259","1753-4267","BIOCHEMISTRY & MOLECULAR BIOLOGY","SCIE","1,830","3.5","Q2","0.59","100"%,
"INTERNATIONAL JOURNAL OF BIOCHEMISTRY & CELL BIOLOGY","INT J BIOCHEM CELL B","PERGAMON-ELSEVIER SCIENCE LTD","1357-2725","1878-5875","BIOCHEMISTRY & MOLECULAR BIOLOGY","SCIE","14,584","3.5","Q2","0.57","22.09"%,
"INTERNATIONAL JOURNAL OF BIOCHEMISTRY & CELL BIOLOGY","INT J BIOCHEM CELL B","PERGAMON-ELSEVIER SCIENCE LTD","1357-2725","1878-5875","CELL BIOLOGY","SCIE","14,584","3.5","Q3","0.57","22.09"%,
"Cellular and Molecular Bioengineering","CELL MOL BIOENG","SPRINGER","1865-5025","1865-5033","CELL BIOLOGY","SCIE","1,495","3.5","Q3","0.46","41.82"%,
"CELL BIOCHEMISTRY AND FUNCTION","CELL BIOCHEM FUNCT","WILEY","0263-6484","1099-0844","BIOCHEMISTRY & MOLECULAR BIOLOGY","SCIE","4,136","3.5","Q2","0.44","12.16"%,
"CELL BIOCHEMISTRY AND FUNCTION","CELL BIOCHEM FUNCT","WILEY","0263-6484","1099-0844","CELL BIOLOGY","SCIE","4,136","3.5","Q3","0.44","12.16"%,
"CELL BIOLOGY INTERNATIONAL","CELL BIOL INT","WILEY","1065-6995","1095-8355","CELL BIOLOGY","SCIE","6,759","3.5","Q3","0.43","17.72"%,
"COMPUTATIONAL BIOLOGY AND CHEMISTRY","COMPUT BIOL CHEM","ELSEVIER SCI LTD","1476-9271","1476-928X","BIOLOGY","SCIE","4,749","3.4","Q1","0.78","9.99"%,
"PHYTOCHEMISTRY","PHYTOCHEMISTRY","PERGAMON-ELSEVIER SCIENCE LTD","0031-9422","1873-3700","BIOCHEMISTRY & MOLECULAR BIOLOGY","SCIE","32,382","3.4","Q3","0.78","8.77"%,
"MOLECULAR AND CELLULAR ENDOCRINOLOGY","MOL CELL ENDOCRINOL","ELSEVIER IRELAND LTD","0303-7207","1872-8057","CELL BIOLOGY","SCIE","16,555","3.4","Q3","0.74","20.91"%,
"BIOCHIMIE","BIOCHIMIE","ELSEVIER FRANCE-EDITIONS SCIENTIFIQUES MEDICALES ELSEVIER","0300-9084","1638-6183","BIOCHEMISTRY & MOLECULAR BIOLOGY","SCIE","12,193","3.4","Q3","0.67","23.19"%,
"Carbohydrate Research","CARBOHYD RES","ELSEVIER SCI LTD","0008-6215","1873-426X","BIOCHEMISTRY & MOLECULAR BIOLOGY","SCIE","14,208","3.4","Q3","0.62","15.99"%,
"JOURNAL OF LEUKOCYTE BIOLOGY","J LEUKOCYTE BIOL","OXFORD UNIV PRESS","0741-5400","1938-3673","CELL BIOLOGY","SCIE","18,598","3.4","Q3","0.62","30.64"%,
"Aspects of Molecular Medicine","ASPECTS MOL MED","ELSEVIER","N/A","2949-6888","BIOCHEMISTRY & MOLECULAR BIOLOGY","ESCI","262","3.4","Q3","0.53","100"%,
"Cell Stress","CELL STRESS","SHARED SCIENCE PUBLISHERS OG","N/A","2523-0204","CELL BIOLOGY","ESCI","808","3.4","Q3","0.4","100"%,
"INSECT MOLECULAR BIOLOGY","INSECT MOL BIOL","WILEY","0962-1075","1365-2583","BIOCHEMISTRY & MOLECULAR BIOLOGY","SCIE","3,890","3.3","Q3","0.89","29.65"%,
"Life Sciences in Space Research","LIFE SCI SPACE RES","ELSEVIER","2214-5524","2214-5532","BIOLOGY","SCIE","1,427","3.3","Q1","0.71","35.79"%,
"PROTEINS-STRUCTURE FUNCTION AND BIOINFORMATICS","PROTEINS","WILEY","0887-3585","1097-0134","BIOCHEMISTRY & MOLECULAR BIOLOGY","SCIE","13,784","3.3","Q3","0.67","38.66"%,
"BIOESSAYS","BIOESSAYS","WILEY-V C H VERLAG GMBH","0265-9247","1521-1878","BIOCHEMISTRY & MOLECULAR BIOLOGY","SCIE","10,137","3.3","Q3","0.59","63.92"%,
"BIOESSAYS","BIOESSAYS","WILEY-V C H VERLAG GMBH","0265-9247","1521-1878","BIOLOGY","SCIE","10,137","3.3","Q1","0.59","63.92"%,
"Chemical Biology & Drug Design","CHEM BIOL DRUG DES","WILEY","1747-0277","1747-0285","BIOCHEMISTRY & MOLECULAR BIOLOGY","SCIE","6,950","3.3","Q3","0.59","11.71"%,
"CELLULAR IMMUNOLOGY","CELL IMMUNOL","ACADEMIC PRESS INC ELSEVIER SCIENCE","0008-8749","1090-2163","CELL BIOLOGY","SCIE","6,371","3.3","Q3","0.56","20.49"%,
"Biochemistry and Biophysics Reports","BIOCHEM BIOPHYS REP","ELSEVIER","2405-5808","2405-5808","BIOCHEMISTRY & MOLECULAR BIOLOGY","ESCI","4,994","3.3","Q3","0.55","100"%,
"GLYCOBIOLOGY","GLYCOBIOLOGY","OXFORD UNIV PRESS INC","0959-6658","1460-2423","BIOCHEMISTRY & MOLECULAR BIOLOGY","SCIE","7,683","3.3","Q3","0.55","38.36"%,
"Animal Models and Experimental Medicine","ANIM MODEL EXP MED","WILEY","2096-5451","2576-2095","BIOCHEMISTRY & MOLECULAR BIOLOGY","ESCI","1,776","3.3","Q3","0.53","100"%,
"IMMUNOLOGY AND CELL BIOLOGY","IMMUNOL CELL BIOL","WILEY","0818-9641","1440-1711","CELL BIOLOGY","SCIE","4,711","3.3","Q3","0.41","50.76"%,
"JOURNAL OF THERMAL BIOLOGY","J THERM BIOL","PERGAMON-ELSEVIER SCIENCE LTD","0306-4565","1879-0992","BIOLOGY","SCIE","9,920","3.2","Q2","1.3","28.39"%,
"MOLECULAR AND CELLULAR PROBES","MOL CELL PROBE","ACADEMIC PRESS LTD- ELSEVIER SCIENCE LTD","0890-8508","1096-1194","BIOCHEMISTRY & MOLECULAR BIOLOGY","SCIE","2,616","3.2","Q3","0.63","99.32"%,
"MOLECULAR AND CELLULAR PROBES","MOL CELL PROBE","ACADEMIC PRESS LTD- ELSEVIER SCIENCE LTD","0890-8508","1096-1194","CELL BIOLOGY","SCIE","2,616","3.2","Q3","0.63","99.32"%,
"AMINO ACIDS","AMINO ACIDS","SPRINGER WIEN","0939-4451","1438-2199","BIOCHEMISTRY & MOLECULAR BIOLOGY","SCIE","10,859","3.2","Q3","0.54","60.87"%,
"Biomolecular Concepts","BIOMOL CONCEPTS","WALTER DE GRUYTER GMBH","1868-5021","1868-503X","BIOCHEMISTRY & MOLECULAR BIOLOGY","ESCI","1,097","3.2","Q3","0.54","100"%,
"IUBMB LIFE","IUBMB LIFE","WILEY","1521-6543","1521-6551","BIOCHEMISTRY & MOLECULAR BIOLOGY","SCIE","7,739","3.2","Q3","0.52","29.41"%,
"IUBMB LIFE","IUBMB LIFE","WILEY","1521-6543","1521-6551","CELL BIOLOGY","SCIE","7,739","3.2","Q3","0.52","29.41"%,
"CURRENT MEDICINAL CHEMISTRY","CURR MED CHEM","BENTHAM SCIENCE PUBL LTD","0929-8673","1875-533X","BIOCHEMISTRY & MOLECULAR BIOLOGY","SCIE","21,442","3.2","Q3","0.51","7.03"%,
"MOLECULAR BIOLOGY REPORTS","MOL BIOL REP","SPRINGER","0301-4851","1573-4978","BIOCHEMISTRY & MOLECULAR BIOLOGY","SCIE","23,363","3.2","Q3","0.5","11.74"%,
"MOLECULAR BIOTECHNOLOGY","MOL BIOTECHNOL","SPRINGERNATURE","1073-6085","1559-0305","BIOCHEMISTRY & MOLECULAR BIOLOGY","SCIE","6,289","3.2","Q3","0.5","9.24"%,
"TISSUE & CELL","TISSUE CELL","CHURCHILL LIVINGSTONE","0040-8166","N/A","CELL BIOLOGY","SCIE","5,552","3.1","Q3","1.07","11.7"%,
"Life Science Alliance","LIFE SCI ALLIANCE","LIFE SCIENCE ALLIANCE LLC","N/A","2575-1077","BIOLOGY","SCIE","5,433","3.1","Q2","0.91","99.75"%,
"JOURNAL OF MOLECULAR GRAPHICS & MODELLING","J MOL GRAPH MODEL","ELSEVIER SCIENCE INC","1093-3263","1873-4243","BIOCHEMISTRY & MOLECULAR BIOLOGY","SCIE","14,730","3.1","Q3","0.87","8.62"%,
"JOURNAL OF INORGANIC BIOCHEMISTRY","J INORG BIOCHEM","ELSEVIER SCIENCE INC","0162-0134","1873-3344","BIOCHEMISTRY & MOLECULAR BIOLOGY","SCIE","12,071","3.1","Q3","0.8","25.07"%,
"HUMAN MOLECULAR GENETICS","HUM MOL GENET","OXFORD UNIV PRESS","0964-6906","1460-2083","BIOCHEMISTRY & MOLECULAR BIOLOGY","SCIE","34,363","3.1","Q3","0.76","42.52"%,
"ANALYTICAL BIOCHEMISTRY","ANAL BIOCHEM","ACADEMIC PRESS INC ELSEVIER SCIENCE","0003-2697","1096-0309","BIOCHEMISTRY & MOLECULAR BIOLOGY","SCIE","34,529","3.1","Q3","0.67","16.09"%,
"JOURNAL OF STEROID BIOCHEMISTRY AND MOLECULAR BIOLOGY","J STEROID BIOCHEM","PERGAMON-ELSEVIER SCIENCE LTD","0960-0760","1879-1220","BIOCHEMISTRY & MOLECULAR BIOLOGY","SCIE","10,829","3.1","Q3","0.62","25.41"%,
"PLATELETS","PLATELETS","TAYLOR & FRANCIS INC","0953-7104","1369-1635","CELL BIOLOGY","SCIE","3,874","3.1","Q3","0.57","100"%,
"FREE RADICAL RESEARCH","FREE RADICAL RES","TAYLOR & FRANCIS LTD","1071-5762","1029-2470","BIOCHEMISTRY & MOLECULAR BIOLOGY","SCIE","6,947","3.1","Q3","0.56","5.81"%,
"Open Biology","OPEN BIOL","ROYAL SOC","N/A","2046-2441","BIOCHEMISTRY & MOLECULAR BIOLOGY","SCIE","6,568","3.1","Q3","0.54","100"%,
"MOLECULAR MICROBIOLOGY","MOL MICROBIOL","WILEY","0950-382X","1365-2958","BIOCHEMISTRY & MOLECULAR BIOLOGY","SCIE","27,968","3.1","Q3","0.53","59.64"%,
"FEBS LETTERS","FEBS LETT","WILEY","0014-5793","1873-3468","BIOCHEMISTRY & MOLECULAR BIOLOGY","SCIE","36,481","3.1","Q3","0.51","49.7"%,
"FEBS LETTERS","FEBS LETT","WILEY","0014-5793","1873-3468","CELL BIOLOGY","SCIE","36,481","3.1","Q3","0.51","49.7"%,
"CELL AND TISSUE RESEARCH","CELL TISSUE RES","SPRINGER","0302-766X","1432-0878","CELL BIOLOGY","SCIE","13,202","3.1","Q3","0.38","34.8"%,
"FISH PHYSIOLOGY AND BIOCHEMISTRY","FISH PHYSIOL BIOCHEM","SPRINGER","0920-1742","1573-5168","BIOCHEMISTRY & MOLECULAR BIOLOGY","SCIE","7,199","3","Q3","0.89","20.48"%,
"JOURNAL OF BIOLOGICAL RHYTHMS","J BIOL RHYTHM","SAGE PUBLICATIONS INC","0748-7304","1552-4531","BIOLOGY","SCIE","3,869","3","Q2","0.78","42.74"%,
"JOURNAL OF COMPUTER-AIDED MOLECULAR DESIGN","J COMPUT AID MOL DES","SPRINGER","0920-654X","1573-4951","BIOCHEMISTRY & MOLECULAR BIOLOGY","SCIE","5,873","3","Q3","0.72","19.49"%,
"CHEMISTRY AND PHYSICS OF LIPIDS","CHEM PHYS LIPIDS","ELSEVIER IRELAND LTD","0009-3084","1873-2941","BIOCHEMISTRY & MOLECULAR BIOLOGY","SCIE","4,655","3","Q3","0.68","24.3"%,
"JOURNAL OF CELLULAR BIOCHEMISTRY","J CELL BIOCHEM","WILEY","0730-2312","1097-4644","BIOCHEMISTRY & MOLECULAR BIOLOGY","SCIE","18,559","3","Q3","0.51","19.06"%,
"JOURNAL OF CELLULAR BIOCHEMISTRY","J CELL BIOCHEM","WILEY","0730-2312","1097-4644","CELL BIOLOGY","SCIE","18,559","3","Q3","0.51","19.06"%,
"CELL BIOCHEMISTRY AND BIOPHYSICS","CELL BIOCHEM BIOPHYS","HUMANA PRESS INC","1085-9195","1559-0283","BIOCHEMISTRY & MOLECULAR BIOLOGY","SCIE","5,028","3","Q3","0.5","8.94"%,
"CELL BIOCHEMISTRY AND BIOPHYSICS","CELL BIOCHEM BIOPHYS","HUMANA PRESS INC","1085-9195","1559-0283","CELL BIOLOGY","SCIE","5,028","3","Q3","0.5","8.94"%,
"QUARTERLY REVIEW OF BIOLOGY","Q REV BIOL","UNIV CHICAGO PRESS","0033-5770","1539-7718","BIOLOGY","SCIE","4,265","3","Q2","0.49","11.76"%,
"GLYCOCONJUGATE JOURNAL","GLYCOCONJUGATE J","SPRINGER","0282-0080","1573-4986","BIOCHEMISTRY & MOLECULAR BIOLOGY","SCIE","2,787","3","Q3","0.48","24.24"%,
"MOLECULAR BIOLOGY OF THE CELL","MOL BIOL CELL","AMER SOC CELL BIOLOGY","1059-1524","1939-4586","CELL BIOLOGY","SCIE","24,907","3","Q3","0.45","0.17"%,
"BMC Molecular and Cell Biology","BMC MOL CELL BIOL","BMC","N/A","2661-8850","CELL BIOLOGY","SCIE","928","3","Q3","0.43","100"%,
"Journal of Structural Biology-X","J STRUCT BIOL-X","ELSEVIER","N/A","2590-1524","BIOCHEMISTRY & MOLECULAR BIOLOGY","ESCI","419","2.9","Q3","0.89","100"%,
"Journal of Structural Biology-X","J STRUCT BIOL-X","ELSEVIER","N/A","2590-1524","CELL BIOLOGY","ESCI","419","2.9","Q3","0.89","100"%,
"HISTOCHEMISTRY AND CELL BIOLOGY","HISTOCHEM CELL BIOL","SPRINGER","0948-6143","1432-119X","CELL BIOLOGY","SCIE","4,603","2.9","Q3","0.74","38.82"%,
"Comparative Biochemistry and Physiology D-Genomics & Proteomics","COMP BIOCHEM PHYS D","ELSEVIER SCIENCE INC","1744-117X","1878-0407","BIOCHEMISTRY & MOLECULAR BIOLOGY","SCIE","2,797","2.9","Q3","0.65","9.86"%,
"BIOCHIMICA ET BIOPHYSICA ACTA-GENERAL SUBJECTS","BBA-GEN SUBJECTS","ELSEVIER","0304-4165","1872-8006","BIOCHEMISTRY & MOLECULAR BIOLOGY","SCIE","13,898","2.9","Q3","0.64","17.27"%,
"JOURNAL OF MOLECULAR MODELING","J MOL MODEL","SPRINGER","1610-2940","0948-5023","BIOCHEMISTRY & MOLECULAR BIOLOGY","SCIE","10,657","2.9","Q3","0.6","6.81"%,
"BIOPOLYMERS","BIOPOLYMERS","WILEY","0006-3525","1097-0282","BIOCHEMISTRY & MOLECULAR BIOLOGY","SCIE","7,420","2.9","Q3","0.59","20.25"%,
"Metallomics","METALLOMICS","OXFORD UNIV PRESS","1756-5901","1756-591X","BIOCHEMISTRY & MOLECULAR BIOLOGY","SCIE","6,083","2.9","Q3","0.56","38.42"%,
"CYTOMETRY PART A","CYTOM PART A","WILEY","1552-4922","1552-4930","CELL BIOLOGY","SCIE","5,303","2.9","Q3","0.53","57.51"%,
"CHEMISTRY & BIODIVERSITY","CHEM BIODIVERS","WILEY-V C H VERLAG GMBH","1612-1872","1612-1880","BIOCHEMISTRY & MOLECULAR BIOLOGY","SCIE","14,053","2.9","Q3","0.44","7.21"%,
"CURRENT PHARMACEUTICAL BIOTECHNOLOGY","CURR PHARM BIOTECHNO","BENTHAM SCIENCE PUBL LTD","1389-2010","1873-4316","BIOCHEMISTRY & MOLECULAR BIOLOGY","SCIE","5,388","2.9","Q3","0.44","1.38"%,
"ACTA HISTOCHEMICA","ACTA HISTOCHEM","ELSEVIER GMBH","0065-1281","1618-0372","CELL BIOLOGY","SCIE","3,060","2.9","Q3","0.4","26.35"%,
"BIOMETRIKA","BIOMETRIKA","OXFORD UNIV PRESS","0006-3444","1464-3510","BIOLOGY","SCIE","29,361","2.8","Q2","1.05","27.01"%,
"JOURNAL OF BIOLOGICAL INORGANIC CHEMISTRY","J BIOL INORG CHEM","SPRINGER","0949-8257","1432-1327","BIOCHEMISTRY & MOLECULAR BIOLOGY","SCIE","4,086","2.8","Q3","0.62","38.3"%,
"CHEMBIOCHEM","CHEMBIOCHEM","WILEY-V C H VERLAG GMBH","1439-4227","1439-7633","BIOCHEMISTRY & MOLECULAR BIOLOGY","SCIE","14,679","2.8","Q3","0.52","34.81"%,
"Tissue Engineering Part A","TISSUE ENG PT A","SAGE PUBLICATIONS INC","1937-3341","1937-335X","CELL BIOLOGY","SCIE","7,051","2.8","Q3","0.52","7.41"%,
"MOLECULAR AND CELLULAR BIOLOGY","MOL CELL BIOL","TAYLOR & FRANCIS INC","0270-7306","1098-5549","BIOCHEMISTRY & MOLECULAR BIOLOGY","SCIE","35,668","2.8","Q3","0.48","27.27"%,
"MOLECULAR AND CELLULAR BIOLOGY","MOL CELL BIOL","TAYLOR & FRANCIS INC","0270-7306","1098-5549","CELL BIOLOGY","SCIE","35,668","2.8","Q3","0.48","27.27"%,
"TRAFFIC","TRAFFIC","WILEY","1398-9219","1600-0854","CELL BIOLOGY","SCIE","5,575","2.8","Q3","0.39","57.89"%,
"Human Cell","HUM CELL","SPRINGER JAPAN KK","0914-7470","1749-0774","CELL BIOLOGY","SCIE","2,988","2.8","Q3","0.38","22.32"%,
"Organoids","ORGANOIDS-BASEL","MDPI","N/A","2674-1172","CELL BIOLOGY","ESCI","164","2.8","Q3","0.34","100"%,
"Biology Letters","BIOL LETTERS","ROYAL SOC","1744-9561","1744-957X","BIOLOGY","SCIE","12,501","2.7","Q2","0.77","59.04"%,
"JOURNAL OF MATHEMATICAL BIOLOGY","J MATH BIOL","SPRINGER HEIDELBERG","0303-6812","1432-1416","BIOLOGY","SCIE","7,547","2.7","Q2","0.73","35.9"%,
"Geobiology","GEOBIOLOGY","WILEY","1472-4677","1472-4669","BIOLOGY","SCIE","2,942","2.7","Q2","0.72","63.21"%,
"JOURNAL OF MOLECULAR RECOGNITION","J MOL RECOGNIT","WILEY","0952-3499","1099-1352","BIOCHEMISTRY & MOLECULAR BIOLOGY","SCIE","2,147","2.7","Q3","0.69","12.62"%,
"Advances in Biological Regulation","ADV BIOL REGUL","ELSEVIER","2212-4926","2212-4934","BIOCHEMISTRY & MOLECULAR BIOLOGY","ESCI","1,471","2.7","Q3","0.58","36.59"%,
"BIOCHEMISTRY","BIOCHEMISTRY-US","AMER CHEMICAL SOC","0006-2960","1520-4995","BIOCHEMISTRY & MOLECULAR BIOLOGY","SCIE","54,453","2.7","Q3","0.57","25.1"%,
"PROTOPLASMA","PROTOPLASMA","SPRINGER WIEN","0033-183X","1615-6102","CELL BIOLOGY","SCIE","6,195","2.7","Q3","0.53","15.63"%,
"STEROIDS","STEROIDS","ELSEVIER SCIENCE INC","0039-128X","1878-5867","BIOCHEMISTRY & MOLECULAR BIOLOGY","SCIE","5,523","2.7","Q3","0.49","18.66"%,
"FEBS Open Bio","FEBS OPEN BIO","WILEY","2211-5463","2211-5463","BIOCHEMISTRY & MOLECULAR BIOLOGY","SCIE","4,508","2.7","Q3","0.47","100"%,
"Journal of Nucleic Acids","J NUCLEIC ACIDS","WILEY","2090-0201","2090-021X","BIOCHEMISTRY & MOLECULAR BIOLOGY","ESCI","478","2.7","Q3","0.46","100"%,
"BIOLOGY OF THE CELL","BIOL CELL","WILEY","0248-4900","1768-322X","CELL BIOLOGY","SCIE","1,962","2.7","Q3","0.25","50"%,
"American Journal of Stem Cells","AM J STEM CELLS","E-CENTURY PUBLISHING CORP","2160-4150","2160-4150","CELL BIOLOGY","ESCI","240","2.7","Q3","0.21","2"%,
"CRYOBIOLOGY","CRYOBIOLOGY","ACADEMIC PRESS INC ELSEVIER SCIENCE","0011-2240","1090-2392","BIOLOGY","SCIE","5,593","2.6","Q2","0.79","24.23"%,
"ADDICTION BIOLOGY","ADDICT BIOL","WILEY","1355-6215","1369-1600","BIOCHEMISTRY & MOLECULAR BIOLOGY","SCIE","4,771","2.6","Q3","0.76","86.52"%,
"MATHEMATICAL BIOSCIENCES","MATH BIOSCI","ELSEVIER SCIENCE INC","0025-5564","1879-3134","BIOLOGY","SCIE","7,334","2.6","Q2","0.68","33.92"%,
"BIOCHIMICA ET BIOPHYSICA ACTA-BIOENERGETICS","BBA-BIOENERGETICS","ELSEVIER","0005-2728","1879-2650","BIOCHEMISTRY & MOLECULAR BIOLOGY","SCIE","11,243","2.6","Q3","0.65","40.97"%,
"CHROMOSOME RESEARCH","CHROMOSOME RES","SPRINGER","0967-3849","1573-6849","BIOCHEMISTRY & MOLECULAR BIOLOGY","SCIE","2,145","2.6","Q3","0.58","53.25"%,
"JOURNAL OF MEMBRANE BIOLOGY","J MEMBRANE BIOL","SPRINGER","0022-2631","1432-1424","BIOCHEMISTRY & MOLECULAR BIOLOGY","SCIE","3,143","2.6","Q3","0.57","22.78"%,
"JOURNAL OF MEMBRANE BIOLOGY","J MEMBRANE BIOL","SPRINGER","0022-2631","1432-1424","CELL BIOLOGY","SCIE","3,143","2.6","Q3","0.57","22.78"%,
"JOURNAL OF CHEMICAL NEUROANATOMY","J CHEM NEUROANAT","ELSEVIER","0891-0618","1873-6300","BIOCHEMISTRY & MOLECULAR BIOLOGY","SCIE","3,208","2.6","Q3","0.56","10.22"%,
"MOLECULAR REPRODUCTION AND DEVELOPMENT","MOL REPROD DEV","WILEY","1040-452X","1098-2795","BIOCHEMISTRY & MOLECULAR BIOLOGY","SCIE","5,469","2.6","Q3","0.56","33.11"%,
"MOLECULAR REPRODUCTION AND DEVELOPMENT","MOL REPROD DEV","WILEY","1040-452X","1098-2795","CELL BIOLOGY","SCIE","5,469","2.6","Q3","0.56","33.11"%,
"PHOTOCHEMISTRY AND PHOTOBIOLOGY","PHOTOCHEM PHOTOBIOL","WILEY","0031-8655","1751-1097","BIOCHEMISTRY & MOLECULAR BIOLOGY","SCIE","10,388","2.6","Q3","0.56","28.35"%,
"MAMMALIAN GENOME","MAMM GENOME","SPRINGER","0938-8990","1432-1777","BIOCHEMISTRY & MOLECULAR BIOLOGY","SCIE","2,514","2.6","Q3","0.55","35.38"%,
"DNA AND CELL BIOLOGY","DNA CELL BIOL","SAGE PUBLICATIONS INC","1044-5498","1557-7430","BIOCHEMISTRY & MOLECULAR BIOLOGY","SCIE","3,818","2.6","Q3","0.49","5.21"%,
"DNA AND CELL BIOLOGY","DNA CELL BIOL","SAGE PUBLICATIONS INC","1044-5498","1557-7430","CELL BIOLOGY","SCIE","3,818","2.6","Q3","0.49","5.21"%,
"BIOTECHNIQUES","BIOTECHNIQUES","TAYLOR & FRANCIS LTD","0736-6205","1940-9818","BIOCHEMISTRY & MOLECULAR BIOLOGY","SCIE","5,993","2.6","Q3","0.45","100"%,
"International Journal of Stem Cells","INT J STEM CELLS","KOREAN SOC STEM CELL RESEARCH","2005-3606","2005-5447","CELL BIOLOGY","SCIE","1,057","2.6","Q3","0.45","100"%,
"PROSTAGLANDINS & OTHER LIPID MEDIATORS","PROSTAG OTH LIPID M","ELSEVIER SCIENCE INC","1098-8823","2212-196X","BIOCHEMISTRY & MOLECULAR BIOLOGY","SCIE","2,689","2.6","Q3","0.44","16.76"%,
"PROSTAGLANDINS & OTHER LIPID MEDIATORS","PROSTAG OTH LIPID M","ELSEVIER SCIENCE INC","1098-8823","2212-196X","CELL BIOLOGY","SCIE","2,689","2.6","Q3","0.44","16.76"%,
"JOURNAL OF PEPTIDE SCIENCE","J PEPT SCI","WILEY","1075-2617","1099-1387","BIOCHEMISTRY & MOLECULAR BIOLOGY","SCIE","2,555","2.6","Q3","0.39","45.45"%,
"JOURNAL OF MOLECULAR HISTOLOGY","J MOL HISTOL","SPRINGER","1567-2379","1567-2387","CELL BIOLOGY","SCIE","2,314","2.6","Q3","0.36","9.21"%,
"CELLULAR MICROBIOLOGY","CELL MICROBIOL","WILEY","1462-5814","1462-5822","CELL BIOLOGY","SCIE","7,870","2.6","Q3","0.3","100"%,
"COMPARATIVE BIOCHEMISTRY AND PHYSIOLOGY B-BIOCHEMISTRY & MOLECULAR BIOLOGY","COMP BIOCHEM PHYS B","ELSEVIER SCIENCE INC","1096-4959","1879-1107","BIOCHEMISTRY & MOLECULAR BIOLOGY","SCIE","6,291","2.5","Q3","0.84","9.52"%,
"CHRONOBIOLOGY INTERNATIONAL","CHRONOBIOL INT","TAYLOR & FRANCIS INC","0742-0528","1525-6073","BIOLOGY","SCIE","7,810","2.5","Q2","0.72","12.7"%,
"Physiological Genomics","PHYSIOL GENOMICS","AMER PHYSIOLOGICAL SOC","1094-8341","1531-2267","CELL BIOLOGY","SCIE","4,323","2.5","Q4","0.68","37.79"%,
"Analytical Cellular Pathology","ANAL CELL PATHOL","WILEY","2210-7177","2210-7185","CELL BIOLOGY","SCIE","1,282","2.5","Q4","0.67","100"%,
"JOURNAL OF BIOMOLECULAR STRUCTURE & DYNAMICS","J BIOMOL STRUCT DYN","TAYLOR & FRANCIS INC","0739-1102","1538-0254","BIOCHEMISTRY & MOLECULAR BIOLOGY","SCIE","15,378","2.5","Q3","0.63","1.43"%,
"BIOCHEMICAL AND BIOPHYSICAL RESEARCH COMMUNICATIONS","BIOCHEM BIOPH RES CO","ACADEMIC PRESS INC ELSEVIER SCIENCE","0006-291X","1090-2104","BIOCHEMISTRY & MOLECULAR BIOLOGY","SCIE","81,665","2.5","Q3","0.59","19.52"%,
"BIOTECHNOLOGY AND APPLIED BIOCHEMISTRY","BIOTECHNOL APPL BIOC","WILEY","0885-4513","1470-8744","BIOCHEMISTRY & MOLECULAR BIOLOGY","SCIE","4,833","2.5","Q3","0.48","8.79"%,
"CHROMOSOMA","CHROMOSOMA","SPRINGER","0009-5915","1432-0886","BIOCHEMISTRY & MOLECULAR BIOLOGY","SCIE","2,677","2.5","Q3","0.47","43.48"%,
"International Journal of Peptide Research and Therapeutics","INT J PEPT RES THER","SPRINGER","1573-3149","1573-3904","BIOCHEMISTRY & MOLECULAR BIOLOGY","SCIE","2,679","2.5","Q3","0.46","12.2"%,
"CELLULAR PHYSIOLOGY AND BIOCHEMISTRY","CELL PHYSIOL BIOCHEM","Cell Physiol Biochem Press GmbH & Co","1015-8987","1421-9778","CELL BIOLOGY","ESCI","11,780","2.5","Q4","0.45","90.14"%,
"BIOLOGICAL CHEMISTRY","BIOL CHEM","WALTER DE GRUYTER GMBH","1431-6730","1437-4315","BIOCHEMISTRY & MOLECULAR BIOLOGY","SCIE","6,138","2.5","Q3","0.35","61.64"%,
"PROTEIN AND PEPTIDE LETTERS","PROTEIN PEPTIDE LETT","BENTHAM SCIENCE PUBL LTD","0929-8665","1875-5305","BIOCHEMISTRY & MOLECULAR BIOLOGY","SCIE","2,604","2.5","Q3","0.29","5.79"%,
"COMPARATIVE BIOCHEMISTRY AND PHYSIOLOGY A-MOLECULAR & INTEGRATIVE PHYSIOLOGY","COMP BIOCHEM PHYS A","ELSEVIER SCIENCE INC","1095-6433","1531-4332","BIOCHEMISTRY & MOLECULAR BIOLOGY","SCIE","10,507","2.4","Q3","0.86","29.69"%,
"RADIATION RESEARCH","RADIAT RES","RADIATION RESEARCH SOC","0033-7587","1938-5404","BIOLOGY","SCIE","8,203","2.4","Q2","0.73","0"%,
"JOURNAL OF MOLECULAR NEUROSCIENCE","J MOL NEUROSCI","SPRINGERNATURE","0895-8696","1559-1166","BIOCHEMISTRY & MOLECULAR BIOLOGY","SCIE","6,607","2.4","Q3","0.63","20.7"%,
"BIOCHIMICA ET BIOPHYSICA ACTA-BIOMEMBRANES","BBA-BIOMEMBRANES","ELSEVIER","0005-2736","1879-2642","BIOCHEMISTRY & MOLECULAR BIOLOGY","SCIE","15,941","2.4","Q3","0.6","26.38"%,
"PROSTAGLANDINS LEUKOTRIENES AND ESSENTIAL FATTY ACIDS","PROSTAG LEUKOTR ESS","ELSEVIER SCI LTD","0952-3278","1532-2823","BIOCHEMISTRY & MOLECULAR BIOLOGY","SCIE","3,944","2.4","Q3","0.54","31.25"%,
"PROSTAGLANDINS LEUKOTRIENES AND ESSENTIAL FATTY ACIDS","PROSTAG LEUKOTR ESS","ELSEVIER SCI LTD","0952-3278","1532-2823","CELL BIOLOGY","SCIE","3,944","2.4","Q4","0.54","31.25"%,
"RADIATION AND ENVIRONMENTAL BIOPHYSICS","RADIAT ENVIRON BIOPH","SPRINGER","0301-634X","1432-2099","BIOLOGY","SCIE","1,734","2.4","Q2","0.54","38.96"%,
"Molecular Omics","MOL OMICS","OXFORD UNIV PRESS","N/A","2515-4184","BIOCHEMISTRY & MOLECULAR BIOLOGY","SCIE","1,131","2.4","Q3","0.43","27.4"%,
"Journal of Biochemistry","J BIOCHEM","OXFORD UNIV PRESS","0021-924X","1756-2651","BIOCHEMISTRY & MOLECULAR BIOLOGY","SCIE","7,124","2.4","Q3","0.38","16.26"%,
"FASEB BioAdvances","FASEB BIOADV","WILEY","N/A","2573-9832","BIOCHEMISTRY & MOLECULAR BIOLOGY","ESCI","1,006","2.4","Q3","0.37","100"%,
"FASEB BioAdvances","FASEB BIOADV","WILEY","N/A","2573-9832","CELL BIOLOGY","ESCI","1,006","2.4","Q4","0.37","100"%,
"Redox Experimental Medicine","REDOX EXP MED","BIOSCIENTIFICA LTD","N/A","2755-158X","BIOCHEMISTRY & MOLECULAR BIOLOGY","ESCI","120","2.4","Q3","0.25","100"%,
"CURRENT PROTEIN & PEPTIDE SCIENCE","CURR PROTEIN PEPT SC","BENTHAM SCIENCE PUBL LTD","1389-2037","1875-5550","BIOCHEMISTRY & MOLECULAR BIOLOGY","SCIE","3,702","2.4","Q3","0.21","1.34"%,
"BULLETIN OF MATHEMATICAL BIOLOGY","B MATH BIOL","SPRINGER","0092-8240","1522-9602","BIOLOGY","SCIE","6,293","2.3","Q2","0.64","51.09"%,
"ASTROBIOLOGY","ASTROBIOLOGY","SAGE PUBLICATIONS INC","1531-1074","1557-8070","BIOLOGY","SCIE","5,468","2.3","Q2","0.62","28.89"%,
"JOURNAL OF FOOD BIOCHEMISTRY","J FOOD BIOCHEM","WILEY","0145-8884","1745-4514","BIOCHEMISTRY & MOLECULAR BIOLOGY","SCIE","11,486","2.3","Q4","0.61","99.79"%,
"JOURNAL OF STRUCTURAL BIOLOGY","J STRUCT BIOL","ACADEMIC PRESS INC ELSEVIER SCIENCE","1047-8477","1095-8657","BIOCHEMISTRY & MOLECULAR BIOLOGY","SCIE","9,700","2.3","Q4","0.53","36.67"%,
"JOURNAL OF STRUCTURAL BIOLOGY","J STRUCT BIOL","ACADEMIC PRESS INC ELSEVIER SCIENCE","1047-8477","1095-8657","CELL BIOLOGY","SCIE","9,700","2.3","Q4","0.53","36.67"%,
"BIOPHYSICAL CHEMISTRY","BIOPHYS CHEM","ELSEVIER","0301-4622","1873-4200","BIOCHEMISTRY & MOLECULAR BIOLOGY","SCIE","4,717","2.3","Q4","0.51","18.07"%,
"Open Life Sciences","OPEN LIFE SCI","DE GRUYTER POLAND SP Z O O","2391-5412","2391-5412","BIOLOGY","SCIE","2,501","2.3","Q2","0.48","100"%,
"CURRENT DRUG METABOLISM","CURR DRUG METAB","BENTHAM SCIENCE PUBL LTD","1389-2002","1875-5453","BIOCHEMISTRY & MOLECULAR BIOLOGY","SCIE","4,527","2.3","Q4","0.33","6.04"%,
"CELL AND TISSUE BANKING","CELL TISSUE BANK","SPRINGER","1389-9333","1573-6814","CELL BIOLOGY","SCIE","1,574","2.3","Q4","0.31","24.24"%,
"Journal of Bio-X Research","J BIO-X RES","AMER ASSOC ADVANCEMENT SCIENCE","2096-5672","2577-3585","BIOCHEMISTRY & MOLECULAR BIOLOGY","ESCI","169","2.3","Q4","0.24","100"%,
"CELLS TISSUES ORGANS","CELLS TISSUES ORGANS","KARGER","1422-6405","1422-6421","CELL BIOLOGY","SCIE","2,043","2.2","Q4","0.66","19.83"%,
"HISTOLOGY AND HISTOPATHOLOGY","HISTOL HISTOPATHOL","F HERNANDEZ","0213-3911","1699-5848","CELL BIOLOGY","SCIE","4,178","2.2","Q4","0.56","0"%,
"BIOCHIMICA ET BIOPHYSICA ACTA-PROTEINS AND PROTEOMICS","BBA-PROTEINS PROTEOM","ELSEVIER","1570-9639","1878-1454","BIOCHEMISTRY & MOLECULAR BIOLOGY","SCIE","7,272","2.2","Q4","0.55","23.13"%,
"EXTREMOPHILES","EXTREMOPHILES","SPRINGER JAPAN KK","1431-0651","1433-4909","BIOCHEMISTRY & MOLECULAR BIOLOGY","SCIE","3,067","2.2","Q4","0.54","18.7"%,
"BIOCHEMICAL SYSTEMATICS AND ECOLOGY","BIOCHEM SYST ECOL","PERGAMON-ELSEVIER SCIENCE LTD","0305-1978","1873-2925","BIOCHEMISTRY & MOLECULAR BIOLOGY","SCIE","4,878","2.2","Q4","0.52","11.81"%,
"MOLECULAR GENETICS AND GENOMICS","MOL GENET GENOMICS","SPRINGER HEIDELBERG","1617-4615","1617-4623","BIOCHEMISTRY & MOLECULAR BIOLOGY","SCIE","5,077","2.2","Q4","0.52","15.03"%,
"IN VITRO CELLULAR & DEVELOPMENTAL BIOLOGY-PLANT","IN VITRO CELL DEV-PL","SPRINGER","1054-5476","1475-2689","CELL BIOLOGY","SCIE","3,493","2.2","Q4","0.5","13.28"%,
"PREPARATIVE BIOCHEMISTRY & BIOTECHNOLOGY","PREP BIOCHEM BIOTECH","TAYLOR & FRANCIS INC","1082-6068","1532-2297","BIOCHEMISTRY & MOLECULAR BIOLOGY","SCIE","2,811","2.2","Q4","0.48","1.37"%,
"YEAST","YEAST","WILEY","0749-503X","1097-0061","BIOCHEMISTRY & MOLECULAR BIOLOGY","SCIE","3,761","2.2","Q4","0.46","47.83"%,
"ACTA BIOCHIMICA POLONICA","ACTA BIOCHIM POL","FRONTIERS MEDIA SA","N/A","1734-154X","BIOCHEMISTRY & MOLECULAR BIOLOGY","SCIE","3,160","2.2","Q4","0.4","98.25"%,
"Biochemistry and Cell Biology","BIOCHEM CELL BIOL","CANADIAN SCIENCE PUBLISHING","0829-8211","1208-6002","BIOCHEMISTRY & MOLECULAR BIOLOGY","SCIE","2,826","2.2","Q4","0.37","34.38"%,
"Biochemistry and Cell Biology","BIOCHEM CELL BIOL","CANADIAN SCIENCE PUBLISHING","0829-8211","1208-6002","CELL BIOLOGY","SCIE","2,826","2.2","Q4","0.37","34.38"%,
"CYTOTECHNOLOGY","CYTOTECHNOLOGY","SPRINGER","0920-9069","1573-0778","CELL BIOLOGY","SCIE","3,290","2.2","Q4","0.36","10.1"%,
"JOURNAL OF MUSCLE RESEARCH AND CELL MOTILITY","J MUSCLE RES CELL M","SPRINGER","0142-4319","1573-2657","CELL BIOLOGY","SCIE","1,509","2.2","Q4","0.28","48.57"%,
"MICROSCOPY RESEARCH AND TECHNIQUE","MICROSC RES TECHNIQ","WILEY","1059-910X","1097-0029","BIOLOGY","SCIE","7,573","2.1","Q2","0.95","19.08"%,
"JOURNAL OF BIOMOLECULAR NMR","J BIOMOL NMR","SPRINGER","0925-2738","1573-5001","BIOCHEMISTRY & MOLECULAR BIOLOGY","SCIE","3,611","2.1","Q4","0.67","54.55"%,
"BIOSYSTEMS","BIOSYSTEMS","ELSEVIER SCI LTD","0303-2647","1872-8324","BIOLOGY","SCIE","3,765","2.1","Q2","0.62","24.47"%,
"JOURNAL OF RADIATION RESEARCH","J RADIAT RES","OXFORD UNIV PRESS","0449-3060","1349-9157","BIOLOGY","SCIE","3,539","2.1","Q2","0.53","100"%,
"JOURNAL OF CHEMICAL ECOLOGY","J CHEM ECOL","SPRINGER","0098-0331","1573-1561","BIOCHEMISTRY & MOLECULAR BIOLOGY","SCIE","10,075","2.1","Q4","0.5","44.44"%,
"AEROBIOLOGIA","AEROBIOLOGIA","SPRINGER","0393-5965","1573-3025","BIOLOGY","SCIE","1,514","2.1","Q2","0.47","37.86"%,
"ZEITSCHRIFT FUR NATURFORSCHUNG SECTION C-A JOURNAL OF BIOSCIENCES","Z NATURFORSCH C","WALTER DE GRUYTER GMBH","0939-5075","1865-7125","BIOCHEMISTRY & MOLECULAR BIOLOGY","SCIE","3,637","2.1","Q4","0.47","7.48"%,
"Biologia Futura","BIOL FUTURA","SPRINGER HEIDELBERG","2676-8615","2676-8607","BIOLOGY","SCIE","549","2.1","Q2","0.45","55.1"%,
"Current Stem Cell Research & Therapy","CURR STEM CELL RES T","BENTHAM SCIENCE PUBL LTD","1574-888X","2212-3946","CELL BIOLOGY","SCIE","1,983","2.1","Q4","0.32","3.9"%,
"BIOCHEMISTRY-MOSCOW","BIOCHEMISTRY-MOSCOW+","PLEIADES PUBLISHING LTD","0006-2979","1608-3040","BIOCHEMISTRY & MOLECULAR BIOLOGY","SCIE","5,471","2.1","Q4","0.3","14.64"%,
"Integrative Organismal Biology","INTEGR ORGANISM BIOL","OXFORD UNIV PRESS","N/A","2517-4843","BIOLOGY","SCIE","716","2","Q2","0.72","100"%,
"INTERNATIONAL JOURNAL OF RADIATION BIOLOGY","INT J RADIAT BIOL","TAYLOR & FRANCIS LTD","0955-3002","1362-3095","BIOLOGY","SCIE","5,536","2","Q2","0.7","8.16"%,
"ARCHIVES OF INSECT BIOCHEMISTRY AND PHYSIOLOGY","ARCH INSECT BIOCHEM","WILEY","0739-4462","1520-6327","BIOCHEMISTRY & MOLECULAR BIOLOGY","SCIE","2,730","2","Q4","0.64","11.55"%,
"Journal of Tissue Engineering and Regenerative Medicine","J TISSUE ENG REGEN M","WILEY","1932-6254","1932-7005","CELL BIOLOGY","SCIE","5,228","2","Q4","0.48","100"%,
"JOURNAL OF MOLECULAR EVOLUTION","J MOL EVOL","SPRINGER","0022-2844","1432-1432","BIOCHEMISTRY & MOLECULAR BIOLOGY","SCIE","7,365","2","Q4","0.47","41.58"%,
"International Journal of Genomics","INT J GENOMICS","WILEY","2314-436X","2314-4378","BIOCHEMISTRY & MOLECULAR BIOLOGY","SCIE","1,432","2","Q4","0.46","100"%,
"IN VITRO CELLULAR & DEVELOPMENTAL BIOLOGY-ANIMAL","IN VITRO CELL DEV-AN","SPRINGER","1071-2690","1543-706X","CELL BIOLOGY","SCIE","2,770","2","Q4","0.44","17.27"%,
"Tissue Engineering Part C-Methods","TISSUE ENG PART C-ME","SAGE PUBLICATIONS INC","1937-3384","1937-3392","CELL BIOLOGY","SCIE","2,946","2","Q4","0.44","10.29"%,
"THEORY IN BIOSCIENCES","THEOR BIOSCI","SPRINGER","1431-7613","1611-7530","BIOLOGY","SCIE","669","2","Q2","0.43","31.88"%,
"Genes & Genomics","GENES GENOM","SPRINGER","1976-9571","2092-9293","BIOCHEMISTRY & MOLECULAR BIOLOGY","SCIE","2,179","2","Q4","0.4","11.14"%,
"JOURNAL OF PLANT BIOCHEMISTRY AND BIOTECHNOLOGY","J PLANT BIOCHEM BIOT","SPRINGER INDIA","0971-7811","0974-1275","BIOCHEMISTRY & MOLECULAR BIOLOGY","SCIE","1,634","2","Q4","0.32","6.32"%,
"GROWTH HORMONE & IGF RESEARCH","GROWTH HORM IGF RES","CHURCHILL LIVINGSTONE","1096-6374","1532-2238","CELL BIOLOGY","SCIE","1,308","2","Q4","0.29","20"%,
"CYTOGENETIC AND GENOME RESEARCH","CYTOGENET GENOME RES","KARGER","1424-8581","1424-859X","CELL BIOLOGY","SCIE","2,282","2","Q4","0.27","13.04"%,
"Cell Journal","CELL J","ROYAN INST","2228-5806","2228-5814","CELL BIOLOGY","SCIE","1,812","2","Q4","0.26","0"%,
"Integrative Biology","INTEGR BIOL-UK","OXFORD UNIV PRESS","1757-9694","1757-9708","CELL BIOLOGY","SCIE","2,249","2","Q4","0.24","21.05"%,
"AMERICAN JOURNAL OF HUMAN BIOLOGY","AM J HUM BIOL","WILEY","1042-0533","1520-6300","BIOLOGY","SCIE","4,693","1.9","Q2","0.91","39.35"%,
"CONNECTIVE TISSUE RESEARCH","CONNECT TISSUE RES","TAYLOR & FRANCIS INC","0300-8207","1607-8438","CELL BIOLOGY","SCIE","2,600","1.9","Q4","0.62","10.45"%,
"JOURNAL OF THEORETICAL BIOLOGY","J THEOR BIOL","ACADEMIC PRESS LTD- ELSEVIER SCIENCE LTD","0022-5193","1095-8541","BIOLOGY","SCIE","20,066","1.9","Q2","0.54","43.52"%,
"BRAZILIAN JOURNAL OF MEDICAL AND BIOLOGICAL RESEARCH","BRAZ J MED BIOL RES","ASSOC BRAS DIVULG CIENTIFICA","0100-879X","1414-431X","BIOLOGY","SCIE","5,544","1.9","Q2","0.44","94.44"%,
"BIOCHEMICAL GENETICS","BIOCHEM GENET","SPRINGER/PLENUM PUBLISHERS","0006-2928","1573-4927","BIOCHEMISTRY & MOLECULAR BIOLOGY","SCIE","3,001","1.9","Q4","0.43","10.81"%,
"IET Systems Biology","IET SYST BIOL","WILEY","1751-8849","1751-8857","CELL BIOLOGY","SCIE","570","1.9","Q4","0.41","100"%,
"TRANSGENIC RESEARCH","TRANSGENIC RES","SPRINGER","0962-8819","1573-9368","BIOCHEMISTRY & MOLECULAR BIOLOGY","SCIE","2,736","1.9","Q4","0.37","28.68"%,
"Peptide Science","PEPTIDE SCI","WILEY","2475-8817","2475-8817","BIOCHEMISTRY & MOLECULAR BIOLOGY","SCIE","527","1.9","Q4","0.35","20.73"%,
"Journal of Medical Biochemistry","J MED BIOCHEM","SOC MEDICAL BIOCHEMISTS SERBIA","1452-8258","1452-8266","BIOCHEMISTRY & MOLECULAR BIOLOGY","SCIE","1,067","1.9","Q4","0.34","98.93"%,
"JOURNAL OF RECEPTORS AND SIGNAL TRANSDUCTION","J RECEPT SIG TRANSD","TAYLOR & FRANCIS LTD","1079-9893","1532-4281","BIOCHEMISTRY & MOLECULAR BIOLOGY","SCIE","1,647","1.9","Q4","0.34","1.52"%,
"JOURNAL OF RECEPTORS AND SIGNAL TRANSDUCTION","J RECEPT SIG TRANSD","TAYLOR & FRANCIS LTD","1079-9893","1532-4281","CELL BIOLOGY","SCIE","1,647","1.9","Q4","0.34","1.52"%,
"FOLIA HISTOCHEMICA ET CYTOBIOLOGICA","FOLIA HISTOCHEM CYTO","VIA MEDICA","0239-8508","1897-5631","BIOCHEMISTRY & MOLECULAR BIOLOGY","SCIE","901","1.9","Q4","0.33","92.86"%,
"FOLIA HISTOCHEMICA ET CYTOBIOLOGICA","FOLIA HISTOCHEM CYTO","VIA MEDICA","0239-8508","1897-5631","CELL BIOLOGY","SCIE","901","1.9","Q4","0.33","92.86"%,
"GROWTH FACTORS","GROWTH FACTORS","TAYLOR & FRANCIS LTD","0897-7194","1029-2292","CELL BIOLOGY","SCIE","1,148","1.9","Q4","0.33","6.25"%,
"PROTEIN JOURNAL","PROTEIN J","SPRINGER","1572-3887","1875-8355","BIOCHEMISTRY & MOLECULAR BIOLOGY","SCIE","1,600","1.9","Q4","0.33","13.89"%,
"JOURNAL OF INTERFERON AND CYTOKINE RESEARCH","J INTERF CYTOK RES","SAGE PUBLICATIONS INC","1079-9907","1557-7465","BIOCHEMISTRY & MOLECULAR BIOLOGY","SCIE","3,286","1.9","Q4","0.31","5.67"%,
"JOURNAL OF INTERFERON AND CYTOKINE RESEARCH","J INTERF CYTOK RES","SAGE PUBLICATIONS INC","1079-9907","1557-7465","CELL BIOLOGY","SCIE","3,286","1.9","Q4","0.31","5.67"%,
"EUROPEAN JOURNAL OF HISTOCHEMISTRY","EUR J HISTOCHEM","PAGEPRESS PUBL","1121-760X","2038-8306","CELL BIOLOGY","SCIE","1,391","1.9","Q4","0.3","88.98"%,
"ACTA HISTOCHEMICA ET CYTOCHEMICA","ACTA HISTOCHEM CYTOC","JAPAN SOC HISTOCHEMISTRY & CYTOCHEMISTRY","0044-5991","1347-5800","CELL BIOLOGY","SCIE","567","1.9","Q4","0.26","100"%,
"Hormone Molecular Biology and Clinical Investigation","HORM MOL BIOL CLIN I","WALTER DE GRUYTER GMBH","1868-1883","1868-1891","BIOCHEMISTRY & MOLECULAR BIOLOGY","ESCI","1,137","1.9","Q4","0.26","32.35"%,
"JOURNAL OF HISTOTECHNOLOGY","J HISTOTECHNOL","TAYLOR & FRANCIS LTD","0147-8885","2046-0236","CELL BIOLOGY","SCIE","381","1.9","Q4","0.17","8.93"%,
"ANNALS OF HUMAN BIOLOGY","ANN HUM BIOL","TAYLOR & FRANCIS LTD","0301-4460","1464-5033","BIOLOGY","SCIE","2,452","1.8","Q3","0.56","99.27"%,
"Biology Open","BIOL OPEN","COMPANY BIOLOGISTS LTD","2046-6390","2046-6390","BIOLOGY","SCIE","4,051","1.8","Q3","0.49","100"%,
"MOLECULAR VISION","MOL VIS","MOLECULAR VISION","1090-0535","N/A","BIOCHEMISTRY & MOLECULAR BIOLOGY","SCIE","4,568","1.8","Q4","0.46","0"%,
"BIOCELL","BIOCELL","TECH SCIENCE PRESS","0327-9545","1667-5746","BIOLOGY","SCIE","1,352","1.8","Q3","0.41","93.57"%,
"PROTEIN EXPRESSION AND PURIFICATION","PROTEIN EXPRES PURIF","ACADEMIC PRESS INC ELSEVIER SCIENCE","1046-5928","1096-0279","BIOCHEMISTRY & MOLECULAR BIOLOGY","SCIE","5,028","1.8","Q4","0.36","13.24"%,
"CELL STRUCTURE AND FUNCTION","CELL STRUCT FUNCT","JAPAN SOC CELL BIOLOGY","0386-7196","1347-3700","CELL BIOLOGY","SCIE","819","1.8","Q4","0.3","100"%,
"FOLIA BIOLOGICA","FOLIA BIOL-PRAGUE","CHARLES UNIV PRAGUE, FIRST FACULTY MEDICINE","0015-5500","0015-5500","BIOLOGY","SCIE","494","1.8","Q3","0.26","100"%,
"PATHOBIOLOGY","PATHOBIOLOGY","KARGER","1015-2008","1423-0291","CELL BIOLOGY","SCIE","1,586","1.7","Q4","0.53","28.57"%,
"BIOLOGIA","BIOLOGIA","SPRINGER","0006-3088","1336-9563","BIOLOGY","SCIE","4,937","1.7","Q3","0.45","14.93"%,
"BIOMEDICAL CHROMATOGRAPHY","BIOMED CHROMATOGR","WILEY","0269-3879","1099-0801","BIOCHEMISTRY & MOLECULAR BIOLOGY","SCIE","5,800","1.7","Q4","0.44","6.92"%,
"Discover Life","DISCOV LIFE-NETH","SPRINGER","2948-2968","2948-2976","BIOLOGY","SCIE","68","1.7","Q3","0.43","100"%,
"JOURNAL OF BIOSCIENCES","J BIOSCIENCES","INDIAN ACAD SCIENCES","0250-5991","0973-7138","BIOLOGY","SCIE","3,752","1.7","Q3","0.42","0.44"%,
"Journal of Basic and Applied Zoology","J BASIC APPL ZOOL","SPRINGER","2090-9896","2090-990X","BIOLOGY","ESCI","1,019","1.7","Q3","0.37","100"%,
"ZYGOTE","ZYGOTE","CAMBRIDGE UNIV PRESS","0967-1994","1469-8730","CELL BIOLOGY","SCIE","1,703","1.7","Q4","0.37","14.29"%,
"Biopreservation and Biobanking","BIOPRESERV BIOBANK","SAGE PUBLICATIONS INC","1947-5535","1947-5543","CELL BIOLOGY","SCIE","1,592","1.7","Q4","0.35","11.67"%,
"TURKISH JOURNAL OF BIOLOGY","TURK J BIOL","Tubitak Scientific & Technological Research Council Turkey","1300-0152","1303-6092","BIOLOGY","SCIE","1,522","1.7","Q3","0.35","99.22"%,
"RUSSIAN JOURNAL OF BIOORGANIC CHEMISTRY","RUSS J BIOORG CHEM+","PLEIADES PUBLISHING LTD","1068-1620","1608-330X","BIOCHEMISTRY & MOLECULAR BIOLOGY","SCIE","2,026","1.7","Q4","0.34","3.92"%,
"GENETICS AND MOLECULAR BIOLOGY","GENET MOL BIOL","SOC BRASIL GENETICA","1415-4757","1678-4685","BIOCHEMISTRY & MOLECULAR BIOLOGY","SCIE","3,223","1.7","Q4","0.31","98.38"%,
"Prion","PRION","TAYLOR & FRANCIS INC","1933-6896","1933-690X","BIOCHEMISTRY & MOLECULAR BIOLOGY","SCIE","807","1.7","Q4","0.3","100"%,
"Stem Cells and Cloning-Advances and Applications","STEM CELLS CLONING","DOVE MEDICAL PRESS LTD","1178-6957","1178-6957","CELL BIOLOGY","ESCI","226","1.7","Q4","0.19","100"%,
"BIOMETRICS","BIOMETRICS","OXFORD UNIV PRESS","0006-341X","1541-0420","BIOLOGY","SCIE","26,917","1.6","Q3","0.57","30.86"%,
"BIOELECTROMAGNETICS","BIOELECTROMAGNETICS","WILEY","0197-8462","1521-186X","BIOLOGY","SCIE","2,285","1.6","Q3","0.38","49.04"%,
"LIPIDS","LIPIDS","WILEY","0024-4201","1558-9307","BIOCHEMISTRY & MOLECULAR BIOLOGY","SCIE","4,996","1.6","Q4","0.33","26.21"%,
"Muscles","MUSCLES-BASEL","MDPI","N/A","2813-0413","BIOCHEMISTRY & MOLECULAR BIOLOGY","ESCI","142","1.6","Q4","0.24","100"%,
"MAGNESIUM RESEARCH","MAGNESIUM RES","JLE","0953-1424","1952-4021","BIOCHEMISTRY & MOLECULAR BIOLOGY","SCIE","655","1.6","Q4","0.21","5.56"%,
"Cytoskeleton","CYTOSKELETON","WILEY","1949-3584","1949-3592","CELL BIOLOGY","SCIE","1,460","1.6","Q4","0.2","44.39"%,
"MicroRNA","MICRORNA","BENTHAM SCIENCE PUBL LTD","2211-5366","2211-5374","BIOCHEMISTRY & MOLECULAR BIOLOGY","ESCI","433","1.6","Q4","0.2","10.14"%,
"JOURNAL OF ETHNOBIOLOGY","J ETHNOBIOL","SAGE PUBLICATIONS INC","0278-0771","2162-4496","BIOLOGY","SCIE","1,190","1.5","Q3","0.7","17.02"%,
"ELECTROMAGNETIC BIOLOGY AND MEDICINE","ELECTROMAGN BIOL MED","TAYLOR & FRANCIS INC","1536-8378","1536-8386","BIOLOGY","SCIE","918","1.5","Q3","0.52","1.08"%,
"PHYSICAL BIOLOGY","PHYS BIOL","IOP Publishing Ltd","1478-3967","1478-3975","BIOCHEMISTRY & MOLECULAR BIOLOGY","SCIE","1,727","1.5","Q4","0.43","75.7"%,
"GENERAL PHYSIOLOGY AND BIOPHYSICS","GEN PHYSIOL BIOPHYS","AEPRESS SRO","0231-5882","1338-4325","BIOCHEMISTRY & MOLECULAR BIOLOGY","SCIE","992","1.5","Q4","0.4","99.29"%,
"BIOCATALYSIS AND BIOTRANSFORMATION","BIOCATAL BIOTRANSFOR","TAYLOR & FRANCIS LTD","1024-2422","1029-2446","BIOCHEMISTRY & MOLECULAR BIOLOGY","SCIE","1,169","1.5","Q4","0.32","1.8"%,
"DEVELOPMENT GROWTH & DIFFERENTIATION","DEV GROWTH DIFFER","WILEY","0012-1592","1440-169X","CELL BIOLOGY","SCIE","1,964","1.5","Q4","0.27","41.04"%,
"BIOSCIENCE BIOTECHNOLOGY AND BIOCHEMISTRY","BIOSCI BIOTECH BIOCH","OXFORD UNIV PRESS","0916-8451","1347-6947","BIOCHEMISTRY & MOLECULAR BIOLOGY","SCIE","12,623","1.5","Q4","0.26","15.97"%,
"DEVELOPMENT GENES AND EVOLUTION","DEV GENES EVOL","SPRINGER","0949-944X","1432-041X","CELL BIOLOGY","SCIE","1,394","1.5","Q4","0.26","50"%,
"Journal of Applied Glycoscience","J APPL GLYOSCI","JAPANESE SOC APPLIED GLYCOSCIENCE","1344-7882","1880-7291","BIOCHEMISTRY & MOLECULAR BIOLOGY","ESCI","372","1.5","Q4","0.26","98.33"%,
"Acta Naturae","ACTA NATURAE","RUSSIAN FEDERATION AGENCY SCIENCE & INNOVATION","2075-8251","2075-8251","CELL BIOLOGY","SCIE","1,494","1.5","Q4","0.24","100"%,
"Reports of Biochemistry and Molecular Biology","REP BIOCHEM MOL BIOL","VARASTEGAN INST MEDICAL SCIENCES","2322-3480","2322-3480","BIOCHEMISTRY & MOLECULAR BIOLOGY","ESCI","833","1.5","Q4","0.24","55.35"%,
"JOURNAL OF HISTOCHEMISTRY & CYTOCHEMISTRY","J HISTOCHEM CYTOCHEM","SAGE PUBLICATIONS LTD","0022-1554","1551-5044","CELL BIOLOGY","SCIE","5,762","1.5","Q4","0.23","16.98"%,
"EUROPEAN CYTOKINE NETWORK","EUR CYTOKINE NETW","TECH SCIENCE PRESS","N/A","1952-4005","BIOCHEMISTRY & MOLECULAR BIOLOGY","SCIE","773","1.5","Q4","0.22","13.64"%,
"EUROPEAN CYTOKINE NETWORK","EUR CYTOKINE NETW","TECH SCIENCE PRESS","N/A","1952-4005","CELL BIOLOGY","SCIE","773","1.5","Q4","0.22","13.64"%,
"Indian Journal of Clinical Biochemistry","INDIAN J CLIN BIOCHE","SPRINGER INDIA","0970-1915","0974-0422","BIOCHEMISTRY & MOLECULAR BIOLOGY","ESCI","2,444","1.5","Q4","0.21","0.8"%,
"Bioelectricity","BIOELECTRICITY","SAGE PUBLICATIONS INC","N/A","2576-3113","BIOCHEMISTRY & MOLECULAR BIOLOGY","ESCI","411","1.5","Q4","0.18","10.98"%,
"FLY","FLY","TAYLOR & FRANCIS INC","1933-6934","1933-6942","BIOCHEMISTRY & MOLECULAR BIOLOGY","SCIE","1,753","1.4","Q4","0.36","100"%,
"MOLECULAR AND BIOCHEMICAL PARASITOLOGY","MOL BIOCHEM PARASIT","ELSEVIER","0166-6851","1872-9428","BIOCHEMISTRY & MOLECULAR BIOLOGY","SCIE","3,934","1.4","Q4","0.36","28.42"%,
"ORIGINS OF LIFE AND EVOLUTION OF BIOSPHERES","ORIGINS LIFE EVOL B","SPRINGER","0169-6149","1573-0875","BIOLOGY","SCIE","1,505","1.4","Q3","0.35","44.44"%,
"CHEMOECOLOGY","CHEMOECOLOGY","SPRINGER BASEL AG","0937-7409","1423-0445","BIOCHEMISTRY & MOLECULAR BIOLOGY","SCIE","1,053","1.4","Q4","0.33","35.85"%,
"NUCLEUS-INDIA","NUCLEUS CALCUTTA","SPRINGER INDIA","0029-568X","0976-7975","CELL BIOLOGY","ESCI","812","1.4","Q4","0.33","4.78"%,
"BIOTECHNIC & HISTOCHEMISTRY","BIOTECH HISTOCHEM","TAYLOR & FRANCIS LTD","1052-0295","1473-7760","CELL BIOLOGY","SCIE","1,806","1.4","Q4","0.3","1.41"%,
"GENES TO CELLS","GENES CELLS","WILEY","1356-9597","1365-2443","CELL BIOLOGY","SCIE","3,200","1.4","Q4","0.28","33.89"%,
"Molecular Biology Research Communications","MOL BIOL RES COMMUN","SHIRAZ UNIV","2322-181X","2345-2005","BIOCHEMISTRY & MOLECULAR BIOLOGY","ESCI","310","1.4","Q4","0.24","0"%,
"JOURNAL OF BIOLOGICAL SYSTEMS","J BIOL SYST","WORLD SCIENTIFIC PUBL CO PTE LTD","0218-3390","1793-6470","BIOLOGY","SCIE","822","1.3","Q3","0.42","0.63"%,
"Bio-protocol","BIO-PROTOCOL","BIO-PROTOCOL","N/A","2331-8325","BIOLOGY","ESCI","6,256","1.3","Q3","0.32","98.57"%,
"Current Proteomics","CURR PROTEOMICS","KEAI PUBLISHING LTD","1570-1646","1875-6247","BIOCHEMISTRY & MOLECULAR BIOLOGY","SCIE","228","1.3","Q4","0.2","24.55"%,
"MOLECULAR BIOLOGY","MOL BIOL+","PLEIADES PUBLISHING INC","0026-8933","1608-3245","BIOCHEMISTRY & MOLECULAR BIOLOGY","SCIE","1,856","1.3","Q4","0.2","9.46"%,
"AIMS Molecular Science","AIMS MOL SCI","AMER INST MATHEMATICAL SCIENCES-AIMS","2372-0301","2372-0301","BIOCHEMISTRY & MOLECULAR BIOLOGY","ESCI","194","1.3","Q4","0.15","100"%,
"TRACE ELEMENTS AND ELECTROLYTES","TRACE ELEM ELECTROLY","DUSTRI-VERLAG DR KARL FEISTLE","0946-2104","0946-2104","BIOCHEMISTRY & MOLECULAR BIOLOGY","SCIE","142","1.3","Q4","0.09","0"%,
"JOURNAL OF BIOLOGICAL EDUCATION","J BIOL EDUC","ROUTLEDGE JOURNALS, TAYLOR & FRANCIS LTD","0021-9266","2157-6009","BIOLOGY","SCIE","1,243","1.2","Q3","0.51","23.85"%,
"INDIAN JOURNAL OF BIOCHEMISTRY & BIOPHYSICS","INDIAN J BIOCHEM BIO","NATL INST SCIENCE COMMUNICATION-NISCAIR","0301-1208","0975-0959","BIOCHEMISTRY & MOLECULAR BIOLOGY","SCIE","1,217","1.2","Q4","0.36","95.7"%,
"CYTOPATHOLOGY","CYTOPATHOLOGY","WILEY","0956-5507","1365-2303","CELL BIOLOGY","SCIE","1,292","1.2","Q4","0.29","19.51"%,
"Tropical Life Sciences Research","TROP LIFE SCI RES","PENERBIT UNIV SAINS MALAYSIA","1985-3718","2180-4249","BIOLOGY","ESCI","644","1.2","Q3","0.29","92.86"%,
"BIOLOGICAL BULLETIN","BIOL BULL-US","UNIV CHICAGO PRESS","0006-3185","1939-8697","BIOLOGY","SCIE","4,378","1.1","Q3","0.48","7.02"%,
"JOURNAL OF AGRICULTURAL BIOLOGICAL AND ENVIRONMENTAL STATISTICS","J AGR BIOL ENVIR ST","SPRINGER","1085-7117","1537-2693","BIOLOGY","SCIE","1,756","1.1","Q3","0.46","45.93"%,
"Acta Crystallographica Section F-Structural Biology Communications","ACTA CRYSTALLOGR F","INT UNION CRYSTALLOGRAPHY","N/A","2053-230X","BIOCHEMISTRY & MOLECULAR BIOLOGY","SCIE","1,791","1.1","Q4","0.35","55.94"%,
"JOURNAL OF CARBOHYDRATE CHEMISTRY","J CARBOHYD CHEM","TAYLOR & FRANCIS INC","0732-8303","1532-2327","BIOCHEMISTRY & MOLECULAR BIOLOGY","SCIE","753","1","Q4","0.34","0"%,
"CRYOLETTERS","CRYOLETTERS","CRYO LETTERS","0143-2044","1742-0644","BIOLOGY","SCIE","961","1","Q3","0.32","18.25"%,
"BIOLOGICAL RHYTHM RESEARCH","BIOL RHYTHM RES","TAYLOR & FRANCIS LTD","0929-1016","1744-4179","BIOLOGY","SCIE","1,453","1","Q3","0.31","4.82"%,
"BIOCHEMISTRY AND MOLECULAR BIOLOGY EDUCATION","BIOCHEM MOL BIOL EDU","WILEY","1470-8175","1539-3429","BIOCHEMISTRY & MOLECULAR BIOLOGY","SCIE","1,829","1","Q4","0.3","40"%,
"BRAZILIAN ARCHIVES OF BIOLOGY AND TECHNOLOGY","BRAZ ARCH BIOL TECHN","INST TECNOLOGIA PARANA","1516-8913","1678-4324","BIOLOGY","SCIE","3,440","1","Q3","0.29","95.78"%,
"NUCLEOSIDES NUCLEOTIDES & NUCLEIC ACIDS","NUCLEOS NUCLEOT NUCL","TAYLOR & FRANCIS INC","1525-7770","1532-2335","BIOCHEMISTRY & MOLECULAR BIOLOGY","SCIE","1,781","1","Q4","0.24","1.75"%,
"International Journal of Astrobiology","INT J ASTROBIOL","CAMBRIDGE UNIV PRESS","1473-5504","1475-3006","BIOLOGY","SCIE","848","1","Q3","0.23","88.16"%,
"HEMOGLOBIN","HEMOGLOBIN","TAYLOR & FRANCIS LTD","0363-0269","1532-432X","BIOCHEMISTRY & MOLECULAR BIOLOGY","SCIE","1,254","1","Q4","0.19","3.28"%,
"Chem-Bio Informatics Journal","CHEM-BIO INFORM J","CHEM-BIO INFORMATICS SOC","1347-6297","1347-0442","BIOCHEMISTRY & MOLECULAR BIOLOGY","ESCI","37","1","Q4","0.18","33.33"%,
"University of Toronto Journal of Undergraduate Life Sciences","UNIV TOR J UNDERGRAD","UNIV TORONTO JOURNAL UNDERGRADUATE LIFE SCIENCES","1911-8899","1911-8899","BIOLOGY","ESCI","12","1","Q3","0.06","100"%,
"MATHEMATICAL MEDICINE AND BIOLOGY-A JOURNAL OF THE IMA","MATH MED BIOL","OXFORD UNIV PRESS","1477-8599","1477-8602","BIOLOGY","SCIE","512","0.9","Q4","0.32","24.44"%,
"GENES & GENETIC SYSTEMS","GENES GENET SYST","GENETICS SOC JAPAN","1341-7568","1880-5779","BIOCHEMISTRY & MOLECULAR BIOLOGY","SCIE","799","0.9","Q4","0.24","98.72"%,
"European Journal of Biology","EUR J BIOL-ISTANBUL","ISTANBUL UNIV","2602-2575","2618-6144","BIOLOGY","ESCI","199","0.9","Q4","0.23","95.4"%,
"FOLIA BIOLOGICA-KRAKOW","FOLIA BIOL-KRAKOW","POLISH ACAD SCIENCES, INST SYSTEMATICS EVOLUTION ANIMALS","0015-5497","1734-9168","BIOLOGY","SCIE","346","0.9","Q4","0.23","100"%,
"REVISTA DE BIOLOGIA TROPICAL","REV BIOL TROP","REVISTA DE BIOLOGIA TROPICAL","0034-7744","2215-2075","BIOLOGY","SCIE","3,090","0.9","Q4","0.19","89.66"%,
"Turkish Journal of Biochemistry-Turk Biyokimya Dergisi","TURK J BIOCHEM","WALTER DE GRUYTER GMBH","0250-4685","1303-829X","BIOCHEMISTRY & MOLECULAR BIOLOGY","SCIE","815","0.9","Q4","0.14","100"%,
"Advances in Human Biology","ADV HUM BIOL","WOLTERS KLUWER MEDKNOW PUBLICATIONS","2321-8568","2348-4691","BIOLOGY","ESCI","351","0.9","Q4","0.13","100"%,
"Archives of Biological Sciences","ARCH BIOL SCI","INST BIOLOSKA ISTRAZIVANJA SINISA STANKOVIC","0354-4664","1821-4339","BIOLOGY","SCIE","989","0.8","Q4","0.22","100"%,
"Regulatory Mechanisms in Biosystems","REGUL MECH BIOSYST","OLES HONCHAR DNIPROPETROVSK NATL UNIV","2519-8521","2520-2588","BIOLOGY","ESCI","471","0.8","Q4","0.22","93.07"%,
"Doklady Biochemistry and Biophysics","DOKL BIOCHEM BIOPHYS","PLEIADES PUBLISHING LTD","1607-6729","1608-3091","BIOCHEMISTRY & MOLECULAR BIOLOGY","SCIE","742","0.8","Q4","0.19","16.15"%,
"Statistical Applications in Genetics and Molecular Biology","STAT APPL GENET MOL","WALTER DE GRUYTER GMBH","2194-6302","1544-6115","BIOCHEMISTRY & MOLECULAR BIOLOGY","SCIE","1,349","0.8","Q4","0.19","36.36"%,
"Journal of Biological Research-Thessaloniki","J BIOL RES-THESSALON","ARISTOTLE UNIV THESSALONIKI","1790-045X","2241-5793","BIOLOGY","SCIE","519","0.8","Q4","0.18","0"%,
"COMPTES RENDUS BIOLOGIES","CR BIOL","ACAD SCIENCES","1631-0691","1768-3238","BIOLOGY","SCIE","2,583","0.8","Q4","0.14","97.33"%,
"International Journal of Medical Biochemistry","INT J MED BIOCHEM","KARE PUBL","2587-2362","2618-642X","BIOCHEMISTRY & MOLECULAR BIOLOGY","ESCI","115","0.8","Q4","0.08","99.06"%,
"JOURNAL OF THE HISTORY OF BIOLOGY","J HIST BIOL","SPRINGER","0022-5010","1573-0387","BIOLOGY","SCIE","831","0.7","Q4","0.44","48.53"%,
"Nusantara Bioscience","NUSANT BIOSCI","Masters Program in Public Health, UNIV SEBELAS MARET","2087-3948","2087-3956","BIOLOGY","ESCI","288","0.7","Q4","0.18","97.75"%,
"International Journal of Biology and Chemistry","INT J BIOL CHEM-KAZ","AL-FARABI KAZAKH NATL UNIV, INST APPL MATH","2218-7979","2409-370X","BIOLOGY","ESCI","139","0.7","Q4","0.15","100"%,
"PTERIDINES","PTERIDINES","DE GRUYTER POLAND SP Z O O","0933-4807","2195-4720","BIOCHEMISTRY & MOLECULAR BIOLOGY","SCIE","159","0.7","Q4","0.11","100"%,
"BIOLOGY BULLETIN","BIOL BULL+","PLEIADES PUBLISHING INC","1062-3590","1608-3059","BIOLOGY","SCIE","1,588","0.6","Q4","0.14","0.64"%,
"Bioscience Journal","BIOSCI J","UNIV FEDERAL UBERLANDIA","1981-3163","1981-3163","BIOLOGY","SCIE","1,030","0.6","Q4","0.13","98.88"%,
"Journal of Biological Research-Bollettino della Societa Italiana di Biologia Sperimentale","J BIOL RES-BOLL SOC","PAGEPRESS PUBL","1826-8838","2284-0230","BIOLOGY","ESCI","164","0.6","Q4","0.13","100"%,
"Stem Cell Research","STEM CELL RES","ELSEVIER","1873-5061","1876-7753","CELL BIOLOGY","SCIE","3,599","0.6","Q4","0.13","100"%,
"Biochemistry Moscow Supplement Series A-Membrane and Cell Biology","BIOCHEM MOSC SUPPL A","PLEIADES PUBLISHING LTD","1990-7478","1990-7494","CELL BIOLOGY","ESCI","379","0.6","Q4","0.11","0"%,
"INDIAN JOURNAL OF EXPERIMENTAL BIOLOGY","INDIAN J EXP BIOL","NATL INST SCIENCE COMMUNICATION-NISCAIR","0019-5189","0975-1009","BIOLOGY","SCIE","2,268","0.5","Q4","0.14","99.09"%,
"JOURNAL OF EVOLUTIONARY BIOCHEMISTRY AND PHYSIOLOGY","J EVOL BIOCHEM PHYS+","PLEIADES PUBLISHING LTD","0022-0930","1608-3202","BIOCHEMISTRY & MOLECULAR BIOLOGY","SCIE","695","0.5","Q4","0.14","1.09"%,
"CYTOLOGIA","CYTOLOGIA","UNIV TOKYO CYTOLOGIA","0011-4545","0011-4545","CELL BIOLOGY","SCIE","873","0.5","Q4","0.11","100"%,
"AMERICAN BIOLOGY TEACHER","AM BIOL TEACH","NATL ASSOC BIOLOGY TEACHERS INC","0002-7685","1938-4211","BIOLOGY","SCIE","919","0.4","Q4","0.12","0.47"%,
"REVISTA PERUANA DE BIOLOGIA","REV PERUANA BIOL","Univ Nacional Mayor de San Marcos, Faculty Biological Sciences","1561-0837","1727-9933","BIOLOGY","ESCI","314","0.4","Q4","0.11","96.49"%,
"Molecular Genetics Microbiology and Virology","MOL GENET MICROBIOL+","PLEIADES PUBLISHING LTD","0891-4168","1934-841X","BIOCHEMISTRY & MOLECULAR BIOLOGY","SCIE","187","0.4","Q4","0.08","0.7"%,
"NACC-Nova Acta Cientifica Compostelana Bioloxia","NACC BIOLOXIA","UNIV SANTIAGO COMPOSTELA","1130-9717","2340-0021","BIOLOGY","ESCI","15","0.4","Q4","0.08","16.67"%,
"PERIODICUM BIOLOGORUM","PERIOD BIOL","PERIODICUM BIOLOGORUM","0031-5362","N/A","BIOLOGY","SCIE","368","0.4","Q4","0.08","96.83"%,
"Biochemistry Moscow-Supplement Series B-Biomedical Chemistry","BIOCHEM MOSC SUPPL B","PLEIADES PUBLISHING LTD","1990-7508","1990-7516","BIOCHEMISTRY & MOLECULAR BIOLOGY","ESCI","181","0.4","Q4","0.07","0.93"%,
"Revista Bio Ciencias","REV BIO CIENC","UNIV AUTONOMA NAYARIT","2007-3380","2007-3380","BIOLOGY","ESCI","189","0.4","Q4","0.07","95.58"%,
"Theoretical Biology Forum","THEOR BIOL FORUM","FABRIZIO SERRA EDITORE","2282-2593","2283-7175","BIOLOGY","SCIE","33","0.3","Q4","0.19","0"%,
"Palawan Scientist","PALAWAN SCI","WESTERN PHILIPPINES UNIV","2467-5903","2467-5903","BIOLOGY","ESCI","45","0.3","Q4","0.08","80.36"%,
"Vestnik Tomskogo Gosudarstvennogo Universiteta-Biologiya","VESTN TOMSK GOS U BI","TOMSKIJ GOSUDARSTVENNYI UNIV","1998-8591","2311-2077","BIOLOGY","ESCI","80","0.3","Q4","0.07","17.19"%,
"ZHURNAL OBSHCHEI BIOLOGII","ZH OBSHCH BIOL","MEZHDUNARODNAYA KNIGA","0044-4596","0044-4596","BIOLOGY","SCIE","240","0.3","Q4","0.07","0"%,
"PROGRESS IN BIOCHEMISTRY AND BIOPHYSICS","PROG BIOCHEM BIOPHYS","CHINESE ACAD SCIENCES, INST BIOPHYSICS","1000-3282","1000-3282","BIOCHEMISTRY & MOLECULAR BIOLOGY","SCIE","492","0.3","Q4","0.06","0"%,
"TRENDS IN GLYCOSCIENCE AND GLYCOTECHNOLOGY","TRENDS GLYCOSCI GLYC","Int Acad Publishing Co Ltd","0915-7352","0915-7352","BIOCHEMISTRY & MOLECULAR BIOLOGY","SCIE","179","0.3","Q4","0.02","0"%,
"Bulletin de la Societe Linneenne de Lyon","B SOC LINN LYON","SOC LINNEENNE LYON","2554-5280","N/A","BIOLOGY","SCIE","137","0.1","Q4","0.03","0"%,
"BIOLOGICHESKIE MEMBRANY","BIOL MEMBRANY","MEZHDUNARODNAYA KNIGA","0233-4755","N/A","CELL BIOLOGY","SCIE","81","0.1","Q4","0.01","1.69"%,
"Revista Comunicacion","REV COMUN","ESCUELA CIENCIAS LENGUAJE","0379-3974","1659-3820","BIOLOGY","ESCI","47","0.1","Q4","0.01","10.77"%,
"POSTEPY BIOLOGII KOMORKI","POSTEPY BIOL KOMORKI","POLSKIE TOWARZYSTWO ANATOMICZNE","0324-833X","2080-2218","CELL BIOLOGY","SCIE","47","<0.1","Q4","0","21.88"%,
"Brain Mechanisms","BRAIN MECH","ELSEVIER","3050-6433","3050-6425","BIOCHEMISTRY & MOLECULAR BIOLOGY","SCIE","3","N/A","N/A","N/A","43.75"%,
"Discover Developmental Biology","DISCOV DEV BIOL","SPRINGERNATURE","3059-3247","3059-3247","CELL BIOLOGY","SCIE","0","N/A","N/A","N/A","100"%,
"eLife","ELIFE","eLIFE SCIENCES PUBL LTD","2050-084X","2050-084X","BIOLOGY","ESCI","N/A","N/A","N/A","N/A","N/A",

Copyright (c) 2026 Clarivate 
By exporting the selected data; you agree to the data usage policy set forth in the Terms of Use 
