"Journal Data Filtered By:  Selected Categories: MEDICINE, GENERAL & INTERNAL;MEDICINE, RESEARCH & EXPERIMENTAL;CRITICAL CARE MEDICINE Selected Editions: SCIE;SSCI;AHCI;ESCI Selected JCR Year: 2025 Selected Category Schema: WOS Selected Open Access: N Indicator: Default"

Journal name,JCR Abbreviation,Publisher,ISSN,eISSN,Category,Edition,Total Citations,2025 JIF,JIF Quartile,2025 JCI,% of Citable OA
"LANCET","LANCET","ELSEVIER SCIENCE INC","0140-6736","1474-547X","MEDICINE, GENERAL & INTERNAL","SCIE","378,842","109","Q1","23.89","25.49"%,
"NEW ENGLAND JOURNAL OF MEDICINE","NEW ENGL J MED","MASSACHUSETTS MEDICAL SOC","0028-4793","1533-4406","MEDICINE, GENERAL & INTERNAL","SCIE","414,591","84.5","Q1","20.92","0.55"%,
"Nature Reviews Disease Primers","NAT REV DIS PRIMERS","NATURE PORTFOLIO","2056-676X","2056-676X","MEDICINE, GENERAL & INTERNAL","SCIE","45,742","79.8","Q1","16.97","1.74"%,
"JAMA-JOURNAL OF THE AMERICAN MEDICAL ASSOCIATION","JAMA-J AM MED ASSOC","AMER MEDICAL ASSOC","0098-7484","1538-3598","MEDICINE, GENERAL & INTERNAL","SCIE","205,027","65.4","Q1","11.42","0.94"%,
"BMJ-British Medical Journal","BMJ-BRIT MED J","BMJ PUBLISHING GROUP","0959-535X","1756-1833","MEDICINE, GENERAL & INTERNAL","SCIE","188,624","55.1","Q1","8.91","76.76"%,
"NATURE MEDICINE","NAT MED","NATURE PORTFOLIO","1078-8956","1546-170X","MEDICINE, RESEARCH & EXPERIMENTAL","SCIE","154,284","52.5","Q1","9.88","61.4"%,
"Lancet Respiratory Medicine","LANCET RESP MED","ELSEVIER SCI LTD","2213-2600","N/A","CRITICAL CARE MEDICINE","SCIE","25,277","34.7","Q1","7.93","19.32"%,
"Military Medical Research","MILITARY MED RES","KEAI PUBLISHING LTD","2095-7467","2054-9369","MEDICINE, GENERAL & INTERNAL","SCIE","7,682","29","Q1","3.85","100"%,
"JAMA Internal Medicine","JAMA INTERN MED","AMER MEDICAL ASSOC","2168-6106","2168-6114","MEDICINE, GENERAL & INTERNAL","SCIE","28,116","26.3","Q1","6.35","20.37"%,
"Lancet Digital Health","LANCET DIGIT HEALTH","ELSEVIER","N/A","2589-7500","MEDICINE, GENERAL & INTERNAL","SCIE","11,618","25.5","Q1","3.78","99.13"%,
"INTENSIVE CARE MEDICINE","INTENS CARE MED","SPRINGER","0342-4642","1432-1238","CRITICAL CARE MEDICINE","SCIE","34,080","22","Q1","3.64","41.99"%,
"AMERICAN JOURNAL OF RESPIRATORY AND CRITICAL CARE MEDICINE","AM J RESP CRIT CARE","OXFORD UNIV PRESS","1073-449X","1535-4970","CRITICAL CARE MEDICINE","SCIE","71,648","21.7","Q1","4.75","22.42"%,
"Annual Review of Medicine","ANNU REV MED","ANNUAL REVIEWS","0066-4219","1545-326X","MEDICINE, RESEARCH & EXPERIMENTAL","SCIE","8,605","18.8","Q1","2.49","100"%,
"TRENDS IN MOLECULAR MEDICINE","TRENDS MOL MED","CELL PRESS","1471-4914","1471-499X","MEDICINE, RESEARCH & EXPERIMENTAL","SCIE","15,407","18.1","Q1","1.46","31.13"%,
"EXPERIMENTAL AND MOLECULAR MEDICINE","EXP MOL MED","SPRINGERNATURE","1226-3613","2092-6413","MEDICINE, RESEARCH & EXPERIMENTAL","SCIE","25,742","17.5","Q1","2.12","100"%,
"ANNALS OF INTERNAL MEDICINE","ANN INTERN MED","AMER COLL PHYSICIANS","0003-4819","1539-3704","MEDICINE, GENERAL & INTERNAL","SCIE","69,750","17.2","Q1","3.66","0.7"%,
"Science Translational Medicine","SCI TRANSL MED","AMER ASSOC ADVANCEMENT SCIENCE","1946-6234","1946-6242","MEDICINE, RESEARCH & EXPERIMENTAL","SCIE","58,152","15.6","Q1","3.13","4.66"%,
"Theranostics","THERANOSTICS","IVYSPRING INT PUBL","1838-7640","1838-7640","MEDICINE, RESEARCH & EXPERIMENTAL","SCIE","56,535","14.9","Q1","2.87","99.92"%,
"Biomarker Research","BIOMARK RES","BMC","N/A","2050-7771","MEDICINE, RESEARCH & EXPERIMENTAL","SCIE","7,601","14.6","Q1","1.8","100"%,
"Interdisciplinary Medicine","INTERD MED","WILEY-V C H VERLAG GMBH","2832-6237","2832-6245","MEDICINE, RESEARCH & EXPERIMENTAL","ESCI","1,426","14.5","Q1","1.9","100"%,
"JOURNAL OF BIOMEDICAL SCIENCE","J BIOMED SCI","BMC","1021-7770","1423-0127","MEDICINE, RESEARCH & EXPERIMENTAL","SCIE","12,330","14.5","Q1","1.67","100"%,
"JOURNAL OF CLINICAL INVESTIGATION","J CLIN INVEST","AMER SOC CLINICAL INVESTIGATION INC","0021-9738","1558-8238","MEDICINE, RESEARCH & EXPERIMENTAL","SCIE","120,571","14.3","Q1","2.93","99.14"%,
"MedComm","MEDCOMM","WILEY","N/A","2688-2663","MEDICINE, RESEARCH & EXPERIMENTAL","ESCI","10,178","14.1","Q1","1.64","100"%,
"Cell Reports Medicine","CELL REP MED","CELL PRESS","2666-3791","2666-3791","MEDICINE, RESEARCH & EXPERIMENTAL","SCIE","15,797","14","Q1","2.33","99.73"%,
"MOLECULAR ASPECTS OF MEDICINE","MOL ASPECTS MED","ELSEVIER","0098-2997","1872-9452","MEDICINE, RESEARCH & EXPERIMENTAL","SCIE","10,413","13.8","Q1","1.24","42.07"%,
"Med","MED-CAMBRIDGE","CELL PRESS","2666-6359","2666-6340","MEDICINE, RESEARCH & EXPERIMENTAL","ESCI","3,592","13.3","Q1","2.72","36.65"%,
"Molecular Biomedicine","MOL BIOMED","SPRINGERNATURE","N/A","2662-8651","MEDICINE, RESEARCH & EXPERIMENTAL","ESCI","2,618","13","Q1","1.23","100"%,
"EClinicalMedicine","ECLINICALMEDICINE","ELSEVIER","N/A","2589-5370","MEDICINE, GENERAL & INTERNAL","SCIE","28,691","12.8","Q1","3.07","99.82"%,
"Journal of Translational Internal Medicine","J TRANSL INTERN MED","Paradigm Publishing Services-De Gruyter Brill Sp Zoo","2450-131X","2224-4018","MEDICINE, GENERAL & INTERNAL","SCIE","2,111","12.5","Q1","1.93","93.98"%,
"Cancer Biology & Medicine","CANCER BIOL MED","CHINA ANTI-CANCER ASSOC","2095-3941","2095-3941","MEDICINE, RESEARCH & EXPERIMENTAL","SCIE","4,958","12.4","Q1","1.26","100"%,
"JAMA Network Open","JAMA NETW OPEN","AMER MEDICAL ASSOC","2574-3805","2574-3805","MEDICINE, GENERAL & INTERNAL","SCIE","100,474","11.7","Q1","3.13","99.94"%,
"NEJM Evidence","NEJM EVID","MASSACHUSETTS MEDICAL SOC","N/A","2766-5526","MEDICINE, GENERAL & INTERNAL","ESCI","4,480","11.6","Q1","3.56","1.18"%,
"JOURNAL OF EXPERIMENTAL MEDICINE","J EXP MED","ROCKEFELLER UNIV PRESS","0022-1007","1540-9538","MEDICINE, RESEARCH & EXPERIMENTAL","SCIE","60,274","11.6","Q1","2.42","43.04"%,
"MOLECULAR THERAPY","MOL THER","CELL PRESS","1525-0016","1525-0024","MEDICINE, RESEARCH & EXPERIMENTAL","SCIE","32,897","11.4","Q1","2.57","35.37"%,
"CRITICAL CARE","CRIT CARE","BMC","1364-8535","1466-609X","CRITICAL CARE MEDICINE","SCIE","42,427","11.4","Q1","2.18","100"%,
"EBioMedicine","EBIOMEDICINE","ELSEVIER","2352-3964","2352-3964","MEDICINE, RESEARCH & EXPERIMENTAL","SCIE","38,337","11.2","Q1","2.43","100"%,
"Cochrane Database of Systematic Reviews","COCHRANE DB SYST REV","WILEY","1469-493X","1361-6137","MEDICINE, GENERAL & INTERNAL","SCIE","81,381","11.1","Q1","1.78","1.29"%,
"BMJ Evidence-Based Medicine","BMJ EVID-BASED MED","BMJ PUBLISHING GROUP","2515-446X","2515-4478","MEDICINE, GENERAL & INTERNAL","SCIE","2,777","10.8","Q1","2.01","49.57"%,
"PLOS MEDICINE","PLOS MED","PUBLIC LIBRARY SCIENCE","1549-1277","1549-1676","MEDICINE, GENERAL & INTERNAL","SCIE","46,452","9.9","Q1","2.82","100"%,
"Journal of Cachexia Sarcopenia and Muscle","J CACHEXIA SARCOPENI","WILEY","2190-5991","2190-6009","MEDICINE, GENERAL & INTERNAL","SCIE","17,703","9.9","Q1","2.07","100"%,
"CHEST","CHEST","ELSEVIER","0012-3692","1931-3543","CRITICAL CARE MEDICINE","SCIE","52,924","9.8","Q1","2.21","20.64"%,
"Journal of Translational Medicine","J TRANSL MED","BMC","N/A","1479-5876","MEDICINE, RESEARCH & EXPERIMENTAL","SCIE","45,171","9.7","Q1","1.8","99.97"%,
"BMJ Medicine","BMJ MED","BMJ PUBLISHING GROUP","N/A","2754-0413","MEDICINE, GENERAL & INTERNAL","ESCI","1,485","9.3","Q1","2.81","100"%,
"CHINESE MEDICAL JOURNAL","CHINESE MED J-PEKING","LIPPINCOTT WILLIAMS & WILKINS","0366-6999","2542-5641","MEDICINE, GENERAL & INTERNAL","SCIE","18,009","9.1","Q1","1.51","99.71"%,
"QJM-AN INTERNATIONAL JOURNAL OF MEDICINE","QJM-INT J MED","OXFORD UNIV PRESS","1460-2725","1460-2393","MEDICINE, GENERAL & INTERNAL","SCIE","6,592","8.9","Q1","1.04","27.21"%,
"BMC Medicine","BMC MED","BMC","1741-7015","1741-7015","MEDICINE, GENERAL & INTERNAL","SCIE","38,473","8.7","Q1","2.24","99.94"%,
"Deutsches Arzteblatt International","DTSCH ARZTEBL INT","DEUTSCHER AERZTE-VERLAG GMBH","1866-0452","1866-0452","MEDICINE, GENERAL & INTERNAL","SCIE","10,470","8.7","Q1","1.82","0.74"%,
"CANADIAN MEDICAL ASSOCIATION JOURNAL","CAN MED ASSOC J","CMA-CANADIAN MEDICAL ASSOC","0820-3946","1488-2329","MEDICINE, GENERAL & INTERNAL","SCIE","18,542","8.6","Q1","1.95","100"%,
"Wiley Interdisciplinary Reviews-Nanomedicine and Nanobiotechnology","WIRES NANOMED NANOBI","WILEY","1939-5116","1939-0041","MEDICINE, RESEARCH & EXPERIMENTAL","SCIE","6,230","8.6","Q1","0.71","34.94"%,
"INTERNATIONAL JOURNAL OF MOLECULAR MEDICINE","INT J MOL MED","SPANDIDOS PUBL LTD","1107-3756","1791-244X","MEDICINE, RESEARCH & EXPERIMENTAL","SCIE","17,861","8.5","Q1","1.26","95.82"%,
"Molecular Therapy Oncology","MOL THER ONCOL","CELL PRESS","N/A","2950-3299","MEDICINE, RESEARCH & EXPERIMENTAL","SCIE","4,866","8.5","Q1","0.94","100"%,
"MOLECULAR MEDICINE","MOL MED","SPRINGER","1076-1551","1528-3658","MEDICINE, RESEARCH & EXPERIMENTAL","SCIE","11,517","8.3","Q1","1.26","100"%,
"European Journal of Internal Medicine","EUR J INTERN MED","ELSEVIER","0953-6205","1879-0828","MEDICINE, GENERAL & INTERNAL","SCIE","10,443","8.1","Q1","1.52","35.63"%,
"EMBO Molecular Medicine","EMBO MOL MED","SPRINGERNATURE","1757-4676","1757-4684","MEDICINE, RESEARCH & EXPERIMENTAL","SCIE","13,981","7.9","Q1","1.85","100"%,
"mAbs","MABS-AUSTIN","TAYLOR & FRANCIS INC","1942-0862","1942-0870","MEDICINE, RESEARCH & EXPERIMENTAL","SCIE","7,267","7.9","Q1","1.62","100"%,
"Clinical and Translational Medicine","CLIN TRANSL MED","WILEY","2001-1326","2001-1326","MEDICINE, RESEARCH & EXPERIMENTAL","SCIE","13,400","7.9","Q1","1.43","100"%,
"Chinese Medical Journal Pulmonary and Critical Care Medicine","CHIN MED J PULM CRIT","ELSEVIER","2097-1982","2772-5588","CRITICAL CARE MEDICINE","ESCI","516","7.9","Q1","1.33","96.3"%,
"AMERICAN JOURNAL OF CHINESE MEDICINE","AM J CHINESE MED","WORLD SCIENTIFIC PUBL CO PTE LTD","0192-415X","1793-6853","MEDICINE, GENERAL & INTERNAL","SCIE","6,797","7.8","Q1","1.67","2.55"%,
"European Heart Journal-Acute Cardiovascular Care","EUR HEART J-ACUTE CA","OXFORD UNIV PRESS","2048-8726","2048-8734","CRITICAL CARE MEDICINE","SCIE","3,810","7.8","Q1","1.33","22.77"%,
"Stem Cell Research & Therapy","STEM CELL RES THER","BMC","N/A","1757-6512","MEDICINE, RESEARCH & EXPERIMENTAL","SCIE","31,355","7.8","Q1","1.3","100"%,
"Inflammation and Regeneration","INFLAMM REGEN","BMC","N/A","1880-8190","MEDICINE, RESEARCH & EXPERIMENTAL","SCIE","2,529","7.7","Q1","1.08","100"%,
"Life Medicine","LIFE MED","OXFORD UNIV PRESS","N/A","2755-1733","MEDICINE, RESEARCH & EXPERIMENTAL","ESCI","586","7.7","Q1","0.77","100"%,
"JOURNAL OF INTERNAL MEDICINE","J INTERN MED","WILEY","0954-6820","1365-2796","MEDICINE, GENERAL & INTERNAL","SCIE","16,193","7.6","Q1","1.75","72.59"%,
"CRITICAL CARE MEDICINE","CRIT CARE MED","LIPPINCOTT WILLIAMS & WILKINS","0090-3493","1530-0293","CRITICAL CARE MEDICINE","SCIE","41,086","7.5","Q1","1.72","21.25"%,
"BRITISH MEDICAL BULLETIN","BRIT MED BULL","OXFORD UNIV PRESS","0007-1420","1471-8391","MEDICINE, GENERAL & INTERNAL","SCIE","6,305","7.5","Q1","1.41","57.53"%,
"Journal of Intensive Care","J INTENSIVE CARE","BMC","2052-0492","2052-0492","CRITICAL CARE MEDICINE","SCIE","3,341","7.5","Q1","1.19","100"%,
"Communications Medicine","COMMUN MED-LONDON","SPRINGERNATURE","2730-664X","2730-664X","MEDICINE, RESEARCH & EXPERIMENTAL","ESCI","5,278","7.4","Q1","1.57","99.9"%,
"CLINICAL SCIENCE","CLIN SCI","PORTLAND PRESS LTD","0143-5221","1470-8736","MEDICINE, RESEARCH & EXPERIMENTAL","SCIE","13,268","7.3","Q1","1.19","86.91"%,
"npj Vaccines","NPJ VACCINES","NATURE PORTFOLIO","N/A","2059-0105","MEDICINE, RESEARCH & EXPERIMENTAL","SCIE","6,659","7.2","Q1","1.44","100"%,
"EPMA Journal","EPMA J","SPRINGER INT PUBL AG","1878-5077","1878-5085","MEDICINE, RESEARCH & EXPERIMENTAL","SCIE","2,288","7","Q1","1.35","36.89"%,
"Annals of Intensive Care","ANN INTENSIVE CARE","ELSEVIER","2110-5820","2110-5820","CRITICAL CARE MEDICINE","SCIE","7,709","6.9","Q1","1.38","100"%,
"Drug Delivery and Translational Research","DRUG DELIV TRANSL RE","SPRINGER HEIDELBERG","2190-393X","2190-3948","MEDICINE, RESEARCH & EXPERIMENTAL","SCIE","10,319","6.9","Q1","1.38","39.34"%,
"JCI Insight","JCI INSIGHT","AMER SOC CLINICAL INVESTIGATION INC","N/A","2379-3708","MEDICINE, RESEARCH & EXPERIMENTAL","SCIE","32,354","6.8","Q1","1.62","99.54"%,
"MEDICAL JOURNAL OF AUSTRALIA","MED J AUSTRALIA","WILEY","0025-729X","1326-5377","MEDICINE, GENERAL & INTERNAL","SCIE","12,934","6.8","Q1","1.44","80.99"%,
"MAYO CLINIC PROCEEDINGS","MAYO CLIN PROC","ELSEVIER SCIENCE INC","0025-6196","1942-5546","MEDICINE, GENERAL & INTERNAL","SCIE","21,169","6.5","Q1","1.66","15.2"%,
"Molecular Therapy Nucleic Acids","MOL THER NUCL ACIDS","CELL PRESS","2162-2531","2162-2531","MEDICINE, RESEARCH & EXPERIMENTAL","SCIE","14,299","6.5","Q1","1.4","100"%,
"EXPERT REVIEWS IN MOLECULAR MEDICINE","EXPERT REV MOL MED","CAMBRIDGE UNIV PRESS","1462-3994","1462-3994","MEDICINE, RESEARCH & EXPERIMENTAL","SCIE","2,509","6.5","Q1","0.57","87.5"%,
"PALLIATIVE MEDICINE","PALLIATIVE MED","SAGE PUBLICATIONS LTD","0269-2163","1477-030X","MEDICINE, GENERAL & INTERNAL","SCIE","9,020","6.4","Q1","1.45","67.38"%,
"LIFE SCIENCES","LIFE SCI","PERGAMON-ELSEVIER SCIENCE LTD","0024-3205","1879-0631","MEDICINE, RESEARCH & EXPERIMENTAL","SCIE","51,400","6.4","Q1","1.39","17.97"%,
"CANCER GENE THERAPY","CANCER GENE THER","SPRINGERNATURE","0929-1903","1476-5500","MEDICINE, RESEARCH & EXPERIMENTAL","SCIE","5,943","6.4","Q1","1.11","44.92"%,
"Precision Clinical Medicine","PRECIS CLIN MED","OXFORD UNIV PRESS","2096-5303","2516-1571","MEDICINE, RESEARCH & EXPERIMENTAL","ESCI","920","6.4","Q1","1.01","100"%,
"Biomedical Journal","BIOMED J","ELSEVIER","2319-4170","2320-2890","MEDICINE, RESEARCH & EXPERIMENTAL","SCIE","3,768","6.3","Q1","0.96","100"%,
"Translational Research","TRANSL RES","ELSEVIER SCIENCE INC","1931-5244","1878-1810","MEDICINE, GENERAL & INTERNAL","SCIE","7,610","6.1","Q1","1.85","14.64"%,
"Translational Research","TRANSL RES","ELSEVIER SCIENCE INC","1931-5244","1878-1810","MEDICINE, RESEARCH & EXPERIMENTAL","SCIE","7,610","6.1","Q1","1.85","14.64"%,
"RESUSCITATION","RESUSCITATION","ELSEVIER IRELAND LTD","0300-9572","1873-1570","CRITICAL CARE MEDICINE","SCIE","19,671","6","Q1","1.79","37.76"%,
"American Journal of Medicine","AM J MED","ELSEVIER SCIENCE INC","0002-9343","1555-7162","MEDICINE, GENERAL & INTERNAL","SCIE","24,244","6","Q1","1.15","14.65"%,
"JOURNAL OF THE ROYAL SOCIETY OF MEDICINE","J ROY SOC MED","SAGE PUBLICATIONS LTD","0141-0768","1758-1095","MEDICINE, GENERAL & INTERNAL","SCIE","5,242","5.9","Q1","1.47","43.94"%,
"GENE THERAPY","GENE THER","SPRINGERNATURE","0969-7128","1476-5462","MEDICINE, RESEARCH & EXPERIMENTAL","SCIE","6,613","5.9","Q1","1.05","52.41"%,
"Medical Sciences","MED SCI-BASEL","MDPI","N/A","2076-3271","MEDICINE, GENERAL & INTERNAL","ESCI","3,390","5.9","Q1","0.23","100"%,
"DM DISEASE-A-MONTH","DM-DIS MON","MOSBY-ELSEVIER","0011-5029","1557-8194","MEDICINE, GENERAL & INTERNAL","SCIE","1,757","5.7","Q1","1.29","5.41"%,
"Systematic Reviews","SYST REV-LONDON","BMC","N/A","2046-4053","MEDICINE, GENERAL & INTERNAL","SCIE","30,659","5.7","Q1","1.03","99.26"%,
"Journal of Zhejiang University-SCIENCE B","J ZHEJIANG UNIV-SC B","ZHEJIANG UNIV PRESS","1673-1581","1862-1783","MEDICINE, RESEARCH & EXPERIMENTAL","SCIE","5,163","5.7","Q1","0.86","5.43"%,
"Journal of Intensive Medicine","J INTENSIV MED","ELSEVIER","2097-0250","2667-100X","CRITICAL CARE MEDICINE","ESCI","794","5.6","Q1","0.89","100"%,
"ALTEX-Alternatives to Animal Experimentation","ALTEX-ALTERN ANIM EX","SPEKTRUM AKADEMISCHER VERLAG-SPRINGER-VERLAG GMBH","1868-596X","1868-8551","MEDICINE, RESEARCH & EXPERIMENTAL","SCIE","2,408","5.5","Q1","1.41","98.36"%,
"JOURNAL OF TRAVEL MEDICINE","J TRAVEL MED","OXFORD UNIV PRESS INC","1195-1982","1708-8305","MEDICINE, GENERAL & INTERNAL","SCIE","4,177","5.5","Q1","1.18","36.82"%,
"Anaesthesia Critical Care & Pain Medicine","ANAESTH CRIT CARE PA","ELSEVIER FRANCE-EDITIONS SCIENTIFIQUES MEDICALES ELSEVIER","2352-5568","2352-5568","CRITICAL CARE MEDICINE","SCIE","2,498","5.4","Q1","1.29","39.67"%,
"WIREs Mechanisms of Disease","WIRES MECH DIS","WILEY","2692-9368","2692-9368","MEDICINE, RESEARCH & EXPERIMENTAL","SCIE","838","5.4","Q1","0.78","44.64"%,
"ANNALS OF FAMILY MEDICINE","ANN FAM MED","ANNALS FAMILY MEDICINE","1544-1709","1544-1717","MEDICINE, GENERAL & INTERNAL","SCIE","6,900","5.3","Q1","2.31","98.7"%,
"Obesity Pillars","OBES PILLARS","ELSEVIER","N/A","2667-3681","MEDICINE, GENERAL & INTERNAL","ESCI","727","5.3","Q1","0.87","99.38"%,
"Medicine Advances","MED ADV","WILEY","2834-4391","2834-4405","MEDICINE, GENERAL & INTERNAL","ESCI","358","5.3","Q1","0.53","100"%,
"CLEVELAND CLINIC JOURNAL OF MEDICINE","CLEV CLIN J MED","CLEVELAND CLINIC","0891-1150","1939-2869","MEDICINE, GENERAL & INTERNAL","SCIE","2,974","5.2","Q1","0.74","99.13"%,
"BRITISH JOURNAL OF GENERAL PRACTICE","BRIT J GEN PRACT","ROYAL COLL GENERAL PRACTITIONERS","0960-1643","1478-5242","MEDICINE, GENERAL & INTERNAL","SCIE","10,475","5.1","Q1","2.19","97.55"%,
"Intensive and Critical Care Nursing","INTENS CRIT CARE NUR","ELSEVIER SCI LTD","0964-3397","1532-4036","CRITICAL CARE MEDICINE","SCIE","4,845","5.1","Q1","1.61","45.61"%,
"AMYLOID-JOURNAL OF PROTEIN FOLDING DISORDERS","AMYLOID","TAYLOR & FRANCIS LTD","1350-6129","1744-2818","MEDICINE, GENERAL & INTERNAL","SCIE","2,531","5.1","Q1","1.27","19.35"%,
"AMYLOID-JOURNAL OF PROTEIN FOLDING DISORDERS","AMYLOID","TAYLOR & FRANCIS LTD","1350-6129","1744-2818","MEDICINE, RESEARCH & EXPERIMENTAL","SCIE","2,531","5.1","Q2","1.27","19.35"%,
"Molecular Therapy Methods & Clinical Development","MOL THER METH CLIN D","CELL PRESS","N/A","2329-0501","MEDICINE, RESEARCH & EXPERIMENTAL","SCIE","7,600","5","Q2","1.15","100"%,
"JOURNAL OF MOLECULAR MEDICINE-JMM","J MOL MED","SPRINGER HEIDELBERG","0946-2716","1432-1440","MEDICINE, RESEARCH & EXPERIMENTAL","SCIE","9,084","5","Q2","0.89","37.5"%,
"Molecular Medicine Reports","MOL MED REP","SPANDIDOS PUBL LTD","1791-2997","1791-3004","MEDICINE, RESEARCH & EXPERIMENTAL","SCIE","27,831","5","Q2","0.86","93.42"%,
"Presse Medicale","PRESSE MED","MASSON EDITEUR","0755-4982","2213-0276","MEDICINE, GENERAL & INTERNAL","SCIE","2,271","5","Q1","0.69","27.55"%,
"Pediatric Critical Care Medicine","PEDIATR CRIT CARE ME","LIPPINCOTT WILLIAMS & WILKINS","1529-7535","1947-3893","CRITICAL CARE MEDICINE","SCIE","9,202","4.9","Q1","1.77","15.37"%,
"Cold Spring Harbor Perspectives in Medicine","CSH PERSPECT MED","COLD SPRING HARBOR LAB PRESS, PUBLICATIONS DEPT","2157-1422","2157-1422","MEDICINE, RESEARCH & EXPERIMENTAL","SCIE","14,459","4.9","Q2","1.32","4.6"%,
"ANNALS OF MEDICINE","ANN MED","TAYLOR & FRANCIS LTD","0785-3890","1365-2060","MEDICINE, GENERAL & INTERNAL","SCIE","13,491","4.9","Q1","1.23","99.95"%,
"MOLECULAR PHARMACEUTICS","MOL PHARMACEUT","AMER CHEMICAL SOC","1543-8384","1543-8392","MEDICINE, RESEARCH & EXPERIMENTAL","SCIE","26,320","4.9","Q2","1.16","20.04"%,
"Stem Cell Reviews and Reports","STEM CELL REV REP","SPRINGER","2629-3269","2629-3277","MEDICINE, RESEARCH & EXPERIMENTAL","SCIE","5,725","4.9","Q2","0.88","38.68"%,
"Polish Archives of Internal Medicine-Polskie Archiwum Medycyny Wewnetrznej","POL ARCH INTERN MED","MEDYCYNA PRAKTYCZNA SP K SP ZOO","0032-3772","1897-9483","MEDICINE, GENERAL & INTERNAL","SCIE","2,653","4.8","Q1","0.84","100"%,
"EUROPEAN JOURNAL OF MEDICAL RESEARCH","EUR J MED RES","BMC","0949-2321","2047-783X","MEDICINE, RESEARCH & EXPERIMENTAL","SCIE","10,316","4.8","Q2","0.81","99.96"%,
"AMERICAN JOURNAL OF PREVENTIVE MEDICINE","AM J PREV MED","ELSEVIER SCIENCE INC","0749-3797","1873-2607","MEDICINE, GENERAL & INTERNAL","SCIE","27,112","4.7","Q1","1.54","19.27"%,
"Journal of Evidence Based Medicine","J EVID-BASED MED","WILEY","1756-5383","1756-5391","MEDICINE, GENERAL & INTERNAL","SCIE","1,674","4.7","Q1","0.94","39.57"%,
"ADVANCES IN THERAPY","ADV THER","SPRINGER","0741-238X","1865-8652","MEDICINE, RESEARCH & EXPERIMENTAL","SCIE","12,070","4.7","Q2","0.89","78.29"%,
"JOURNAL OF CELLULAR AND MOLECULAR MEDICINE","J CELL MOL MED","WILEY","1582-1838","1582-4934","MEDICINE, RESEARCH & EXPERIMENTAL","SCIE","31,945","4.7","Q2","0.8","100"%,
"HUMAN GENE THERAPY","HUM GENE THER","SAGE PUBLICATIONS INC","1043-0342","1557-7422","MEDICINE, RESEARCH & EXPERIMENTAL","SCIE","6,417","4.6","Q2","0.87","16.54"%,
"Mayo Clinic Proceedings-Innovations Quality & Outcomes","MAYO CLIN P INN QUAL","ELSEVIER","N/A","2542-4548","MEDICINE, GENERAL & INTERNAL","ESCI","1,543","4.5","Q1","1.39","100"%,
"MEDICAL CLINICS OF NORTH AMERICA","MED CLIN N AM","W B SAUNDERS CO-ELSEVIER INC","0025-7125","1557-9859","MEDICINE, GENERAL & INTERNAL","SCIE","6,839","4.5","Q1","1.16","4.29"%,
"Nucleic Acid Therapeutics","NUCLEIC ACID THER","SAGE PUBLICATIONS INC","2159-3337","2159-3345","MEDICINE, RESEARCH & EXPERIMENTAL","SCIE","1,950","4.5","Q2","0.89","36.14"%,
"CYTOTHERAPY","CYTOTHERAPY","ELSEVIER SCI LTD","1465-3249","1477-2566","MEDICINE, RESEARCH & EXPERIMENTAL","SCIE","7,413","4.5","Q2","0.82","33.33"%,
"Balkan Medical Journal","BALK MED J","GALENOS PUBL HOUSE","2146-3123","2146-3131","MEDICINE, GENERAL & INTERNAL","SCIE","1,505","4.5","Q1","0.81","98.47"%,
"Biomedicines","BIOMEDICINES","MDPI","N/A","2227-9059","MEDICINE, RESEARCH & EXPERIMENTAL","SCIE","62,243","4.5","Q2","0.77","99.97"%,
"CLINICAL AND EXPERIMENTAL MEDICINE","CLIN EXP MED","SPRINGER-VERLAG ITALIA SRL","1591-8890","1591-9528","MEDICINE, RESEARCH & EXPERIMENTAL","SCIE","5,556","4.5","Q2","0.73","80.45"%,
"Biologics-Targets & Therapy","BIOL-TARGETS THER","DOVE MEDICAL PRESS LTD","1177-5475","1177-5491","MEDICINE, RESEARCH & EXPERIMENTAL","ESCI","1,311","4.5","Q2","0.65","100"%,
"Dental and Medical Problems","DENT MED PROBL","WROCLAW MEDICAL UNIV","1644-387X","2300-9020","MEDICINE, GENERAL & INTERNAL","ESCI","1,812","4.3","Q1","1.38","100"%,
"WOUND REPAIR AND REGENERATION","WOUND REPAIR REGEN","WILEY","1067-1927","1524-475X","MEDICINE, RESEARCH & EXPERIMENTAL","SCIE","7,554","4.3","Q2","1.15","46.03"%,
"Nanomedicine-Nanotechnology Biology and Medicine","NANOMED-NANOTECHNOL","ELSEVIER","1549-9634","1549-9642","MEDICINE, RESEARCH & EXPERIMENTAL","SCIE","11,020","4.3","Q2","0.83","23.04"%,
"CTS-Clinical and Translational Science","CTS-CLIN TRANSL SCI","WILEY","1752-8054","1752-8062","MEDICINE, RESEARCH & EXPERIMENTAL","SCIE","7,061","4.3","Q2","0.78","100"%,
"Neurocritical Care","NEUROCRIT CARE","HUMANA PRESS INC","1541-6933","1556-0961","CRITICAL CARE MEDICINE","SCIE","7,605","4.2","Q1","0.94","29.56"%,
"Medical Gas Research","MED GAS RES","WOLTERS KLUWER MEDKNOW PUBLICATIONS","2045-9912","2045-9912","MEDICINE, RESEARCH & EXPERIMENTAL","ESCI","1,314","4.2","Q2","0.68","93.65"%,
"PRIMARY CARE","PRIMARY CARE","W B SAUNDERS CO-ELSEVIER INC","0095-4543","1558-299X","MEDICINE, GENERAL & INTERNAL","SCIE","2,740","4.1","Q1","2.14","2.63"%,
"LABORATORY INVESTIGATION","LAB INVEST","ELSEVIER SCIENCE INC","0023-6837","1530-0307","MEDICINE, RESEARCH & EXPERIMENTAL","SCIE","11,875","4.1","Q2","1.31","22.73"%,
"JOURNAL OF GENERAL INTERNAL MEDICINE","J GEN INTERN MED","SPRINGER","0884-8734","1525-1497","MEDICINE, GENERAL & INTERNAL","SCIE","35,343","4.1","Q1","1.11","30.44"%,
"Journal of Anesthesia Analgesia and Critical Care","J ANESTH ANALG CRIT","SPRINGERNATURE","N/A","2731-3786","CRITICAL CARE MEDICINE","ESCI","792","4.1","Q2","0.85","100"%,
"Internal and Emergency Medicine","INTERN EMERG MED","SPRINGER-VERLAG ITALIA SRL","1828-0447","1970-9366","MEDICINE, GENERAL & INTERNAL","SCIE","5,859","4.1","Q1","0.81","38.76"%,
"EUROPEAN JOURNAL OF CLINICAL INVESTIGATION","EUR J CLIN INVEST","WILEY","0014-2972","1365-2362","MEDICINE, GENERAL & INTERNAL","SCIE","8,955","4.1","Q1","0.75","49.9"%,
"EUROPEAN JOURNAL OF CLINICAL INVESTIGATION","EUR J CLIN INVEST","WILEY","0014-2972","1365-2362","MEDICINE, RESEARCH & EXPERIMENTAL","SCIE","8,955","4.1","Q2","0.75","49.9"%,
"PAIN MEDICINE","PAIN MED","OXFORD UNIV PRESS","1526-2375","1526-4637","MEDICINE, GENERAL & INTERNAL","SCIE","11,289","4","Q1","1.15","30.8"%,
"JOURNAL OF PAIN AND SYMPTOM MANAGEMENT","J PAIN SYMPTOM MANAG","ELSEVIER SCIENCE INC","0885-3924","1873-6513","MEDICINE, GENERAL & INTERNAL","SCIE","16,803","4","Q1","1.03","19.51"%,
"MOLECULAR GENETICS AND METABOLISM","MOL GENET METAB","ACADEMIC PRESS INC ELSEVIER SCIENCE","1096-7192","1096-7206","MEDICINE, RESEARCH & EXPERIMENTAL","SCIE","9,226","4","Q2","0.82","38.69"%,
"EXPERT OPINION ON BIOLOGICAL THERAPY","EXPERT OPIN BIOL TH","TAYLOR & FRANCIS LTD","1471-2598","1744-7682","MEDICINE, RESEARCH & EXPERIMENTAL","SCIE","6,077","4","Q2","0.52","7.1"%,
"CLINICAL MEDICINE","CLIN MED","ROY COLL PHYS LONDON EDITORIAL OFFICE","1470-2118","1473-4893","MEDICINE, GENERAL & INTERNAL","SCIE","6,122","3.9","Q1","1.6","99.71"%,
"Diagnostic and Prognostic Research","DIAGN PROGN RES","SPRINGERNATURE","N/A","2397-7523","MEDICINE, GENERAL & INTERNAL","ESCI","961","3.9","Q1","1.16","100"%,
"Journal of Trauma and Acute Care Surgery","J TRAUMA ACUTE CARE","LIPPINCOTT WILLIAMS & WILKINS","2163-0755","2163-0763","CRITICAL CARE MEDICINE","SCIE","14,272","3.9","Q2","1.09","8.08"%,
"JOURNAL OF NEUROTRAUMA","J NEUROTRAUM","SAGE PUBLICATIONS INC","0897-7151","1557-9042","CRITICAL CARE MEDICINE","SCIE","16,986","3.8","Q2","0.96","13.09"%,
"CANADIAN FAMILY PHYSICIAN","CAN FAM PHYSICIAN","COLL FAMILY PHYSICIANS CANADA","0008-350X","1715-5258","MEDICINE, GENERAL & INTERNAL","SCIE","4,822","3.8","Q1","0.95","99.21"%,
"XENOTRANSPLANTATION","XENOTRANSPLANTATION","WILEY","0908-665X","1399-3089","MEDICINE, RESEARCH & EXPERIMENTAL","SCIE","2,082","3.8","Q2","0.93","39.55"%,
"Diagnostics","DIAGNOSTICS","MDPI","N/A","2075-4418","MEDICINE, GENERAL & INTERNAL","SCIE","50,959","3.8","Q1","0.89","99.95"%,
"JOURNAL OF INHERITED METABOLIC DISEASE","J INHERIT METAB DIS","WILEY","0141-8955","1573-2665","MEDICINE, RESEARCH & EXPERIMENTAL","SCIE","8,544","3.8","Q2","0.83","67.98"%,
"Current Opinion in Critical Care","CURR OPIN CRIT CARE","LIPPINCOTT WILLIAMS & WILKINS","1070-5295","1531-7072","CRITICAL CARE MEDICINE","SCIE","4,276","3.8","Q2","0.61","11.96"%,
"EXPERIMENTAL BIOLOGY AND MEDICINE","EXP BIOL MED","FRONTIERS MEDIA SA","1535-3702","1535-3699","MEDICINE, RESEARCH & EXPERIMENTAL","SCIE","9,181","3.8","Q2","0.57","43.44"%,
"NEUROMODULATION","NEUROMODULATION","ELSEVIER","1094-7159","1525-1403","MEDICINE, RESEARCH & EXPERIMENTAL","SCIE","5,613","3.7","Q2","1.03","29.93"%,
"CELL TRANSPLANTATION","CELL TRANSPLANT","SAGE PUBLICATIONS INC","0963-6897","1555-3892","MEDICINE, RESEARCH & EXPERIMENTAL","SCIE","6,543","3.7","Q2","0.84","100"%,
"International Journal of Medical Sciences","INT J MED SCI","IVYSPRING INT PUBL","1449-1907","1449-1907","MEDICINE, GENERAL & INTERNAL","SCIE","9,910","3.7","Q1","0.8","100"%,
"Diseases","DISEASES-BASEL","MDPI","N/A","2079-9721","MEDICINE, RESEARCH & EXPERIMENTAL","ESCI","3,951","3.7","Q2","0.58","99.79"%,
"Journal of Biomedical Research","J BIOMED RES","NANJING MEDICAL UNIV","1674-8301","1876-4819","MEDICINE, RESEARCH & EXPERIMENTAL","ESCI","1,754","3.7","Q2","0.56","99.24"%,
"Australian Critical Care","AUST CRIT CARE","ELSEVIER SCIENCE INC","1036-7314","1878-1721","CRITICAL CARE MEDICINE","SCIE","3,109","3.6","Q2","1.19","37.08"%,
"Disease Models & Mechanisms","DIS MODEL MECH","COMPANY BIOLOGISTS LTD","1754-8403","1754-8411","MEDICINE, RESEARCH & EXPERIMENTAL","SCIE","8,327","3.6","Q2","0.89","100"%,
"POSTGRADUATE MEDICAL JOURNAL","POSTGRAD MED J","OXFORD UNIV PRESS","0032-5473","1469-0756","MEDICINE, GENERAL & INTERNAL","SCIE","7,343","3.6","Q1","0.89","17.84"%,
"Frontiers in Medicine","FRONT MED-LAUSANNE","FRONTIERS MEDIA SA","N/A","2296-858X","MEDICINE, GENERAL & INTERNAL","SCIE","54,614","3.6","Q1","0.83","99.93"%,
"Archives of Medical Science","ARCH MED SCI","TERMEDIA PUBLISHING HOUSE LTD","1734-1922","1896-9151","MEDICINE, GENERAL & INTERNAL","SCIE","5,892","3.6","Q1","0.82","99.83"%,
"Orphanet Journal of Rare Diseases","ORPHANET J RARE DIS","BMC","N/A","1750-1172","MEDICINE, RESEARCH & EXPERIMENTAL","SCIE","17,760","3.6","Q2","0.79","100"%,
"ARCHIVES OF MEDICAL RESEARCH","ARCH MED RES","ELSEVIER SCIENCE INC","0188-4409","1873-5487","MEDICINE, RESEARCH & EXPERIMENTAL","SCIE","4,900","3.6","Q2","0.68","30.41"%,
"Minerva Anestesiologica","MINERVA ANESTESIOL","EDIZIONI MINERVA MEDICA","0375-9393","1827-1596","CRITICAL CARE MEDICINE","SCIE","3,767","3.5","Q2","0.83","10.93"%,
"JOURNAL OF CRITICAL CARE","J CRIT CARE","W B SAUNDERS CO-ELSEVIER INC","0883-9441","1557-8615","CRITICAL CARE MEDICINE","SCIE","9,756","3.5","Q2","0.76","41.89"%,
"Vaccines","VACCINES-BASEL","MDPI","N/A","2076-393X","MEDICINE, RESEARCH & EXPERIMENTAL","SCIE","29,837","3.5","Q2","0.72","100"%,
"Journal of Diabetes Research","J DIABETES RES","WILEY","2314-6745","2314-6753","MEDICINE, RESEARCH & EXPERIMENTAL","SCIE","8,972","3.5","Q2","0.71","100"%,
"Innate Immunity","INNATE IMMUN-LONDON","SAGE PUBLICATIONS LTD","1753-4259","1753-4267","MEDICINE, RESEARCH & EXPERIMENTAL","SCIE","1,830","3.5","Q2","0.59","100"%,
"Vaccine","VACCINE","ELSEVIER SCI LTD","0264-410X","1873-2518","MEDICINE, RESEARCH & EXPERIMENTAL","SCIE","48,580","3.4","Q2","0.83","54.63"%,
"ARCHIVES OF PATHOLOGY & LABORATORY MEDICINE","ARCH PATHOL LAB MED","COLL AMER PATHOLOGISTS","0003-9985","1543-2165","MEDICINE, RESEARCH & EXPERIMENTAL","SCIE","11,136","3.3","Q2","1.26","94.43"%,
"Journal of Clinical Medicine","J CLIN MED","MDPI","N/A","2077-0383","MEDICINE, GENERAL & INTERNAL","SCIE","132,600","3.3","Q1","0.86","99.95"%,
"PPAR Research","PPAR RES","WILEY","1687-4757","1687-4765","MEDICINE, RESEARCH & EXPERIMENTAL","SCIE","1,364","3.3","Q2","0.69","100"%,
"Animal Models and Experimental Medicine","ANIM MODEL EXP MED","WILEY","2096-5451","2576-2095","MEDICINE, RESEARCH & EXPERIMENTAL","ESCI","1,776","3.3","Q2","0.53","100"%,
"Interactive Journal of Medical Research","INTERACT J MED RES","JMIR PUBLICATIONS, INC","1929-073X","1929-073X","MEDICINE, RESEARCH & EXPERIMENTAL","ESCI","1,270","3.3","Q2","0.5","98.74"%,
"JOURNAL OF URBAN HEALTH-BULLETIN OF THE NEW YORK ACADEMY OF MEDICINE","J URBAN HEALTH","SPRINGER","1099-3460","1468-2869","MEDICINE, GENERAL & INTERNAL","SCIE","6,263","3.2","Q1","1.04","36.74"%,
"Preventive Medicine","PREV MED","ACADEMIC PRESS INC ELSEVIER SCIENCE","0091-7435","1096-0260","MEDICINE, GENERAL & INTERNAL","SCIE","20,853","3.2","Q1","0.97","30.22"%,
"JOURNAL OF KOREAN MEDICAL SCIENCE","J KOREAN MED SCI","KOREAN ACAD MEDICAL SCIENCES","1011-8934","1598-6357","MEDICINE, GENERAL & INTERNAL","SCIE","10,211","3.2","Q1","0.84","97.98"%,
"Iranian Journal of Basic Medical Sciences","IRAN J BASIC MED SCI","MASHHAD UNIV MED SCIENCES","2008-3866","2008-3874","MEDICINE, RESEARCH & EXPERIMENTAL","SCIE","5,368","3.2","Q2","0.74","0"%,
"Discovery Medicine","DISCOV MED","DISCOVERY MEDICINE","1539-6509","1944-7930","MEDICINE, RESEARCH & EXPERIMENTAL","SCIE","2,529","3.2","Q2","0.55","3.07"%,
"SEMINARS IN RESPIRATORY AND CRITICAL CARE MEDICINE","SEMIN RESP CRIT CARE","THIEME MEDICAL PUBL INC","1069-3424","1098-9048","CRITICAL CARE MEDICINE","SCIE","3,411","3.2","Q2","0.52","4.76"%,
"Critical Care and Resuscitation","CRIT CARE RESUSC","ELSEVIER","1441-2772","1441-2772","CRITICAL CARE MEDICINE","SCIE","1,333","3.2","Q2","0.51","95.61"%,
"JOURNAL OF MEDICAL ECONOMICS","J MED ECON","TAYLOR & FRANCIS LTD","1369-6998","1941-837X","MEDICINE, GENERAL & INTERNAL","SCIE","4,043","3.1","Q1","1.01","100"%,
"Resuscitation Plus","RESUSC PLUS","ELSEVIER","2666-5204","2666-5204","CRITICAL CARE MEDICINE","ESCI","2,284","3.1","Q2","0.88","100"%,
"Laboratory Animal Research","LAB ANIM RES","SPRINGERNATURE","1738-6055","2233-7660","MEDICINE, RESEARCH & EXPERIMENTAL","ESCI","1,251","3.1","Q2","0.87","100"%,
"YONSEI MEDICAL JOURNAL","YONSEI MED J","YONSEI UNIV COLL MEDICINE","0513-5796","1976-2437","MEDICINE, GENERAL & INTERNAL","SCIE","5,329","3.1","Q1","0.8","100"%,
"KAOHSIUNG JOURNAL OF MEDICAL SCIENCES","KAOHSIUNG J MED SCI","WILEY","1607-551X","2410-8650","MEDICINE, RESEARCH & EXPERIMENTAL","SCIE","3,593","3.1","Q2","0.66","100"%,
"Tissue Barriers","TISSUE BARRIERS","TAYLOR & FRANCIS INC","2168-8370","2168-8370","MEDICINE, RESEARCH & EXPERIMENTAL","ESCI","1,983","3.1","Q2","0.63","13.98"%,
"Clinical and Translational Discovery","CLIN TRANSL DISCOV","WILEY","N/A","2768-0622","MEDICINE, RESEARCH & EXPERIMENTAL","ESCI","381","3.1","Q2","0.24","100"%,
"ATLA-ALTERNATIVES TO LABORATORY ANIMALS","ATLA-ALTERN LAB ANIM","SAGE PUBLICATIONS LTD","0261-1929","2632-3559","MEDICINE, RESEARCH & EXPERIMENTAL","SCIE","1,162","3","Q3","0.65","28.99"%,
"CRITICAL CARE CLINICS","CRIT CARE CLIN","W B SAUNDERS CO-ELSEVIER INC","0749-0704","1557-8232","CRITICAL CARE MEDICINE","SCIE","2,996","3","Q2","0.63","2.05"%,
"Current Research in Translational Medicine","CURR RES TRANSL MED","ELSEVIER FRANCE-EDITIONS SCIENTIFIQUES MEDICALES ELSEVIER","2452-3186","2452-3186","MEDICINE, RESEARCH & EXPERIMENTAL","SCIE","744","3","Q3","0.62","22.52"%,
"JOURNAL OF GENE MEDICINE","J GENE MED","WILEY","1099-498X","1521-2254","MEDICINE, RESEARCH & EXPERIMENTAL","SCIE","2,785","3","Q3","0.62","15.38"%,
"CURRENT THERAPEUTIC RESEARCH-CLINICAL AND EXPERIMENTAL","CURR THER RES CLIN E","ELSEVIER SCIENCE INC","0011-393X","1879-0313","MEDICINE, RESEARCH & EXPERIMENTAL","ESCI","1,186","3","Q3","0.61","100"%,
"BioMedicine-Taiwan","BIOMEDICINE-TAIWAN","DIGITAL COMMONS BEPRESS","2211-8020","2211-8039","MEDICINE, GENERAL & INTERNAL","ESCI","996","3","Q1","0.54","98.59"%,
"HONG KONG MEDICAL JOURNAL","HONG KONG MED J","HONG KONG ACAD MEDICINE PRESS","1024-2708","1024-2708","MEDICINE, GENERAL & INTERNAL","SCIE","1,854","3","Q1","0.47","100"%,
"BMC Primary Care","BMC PRIM CARE","BMC","N/A","2731-4553","MEDICINE, GENERAL & INTERNAL","SCIE","3,510","2.9","Q1","1.52","100"%,
"Medicina-Lithuania","MEDICINA-LITHUANIA","MDPI","1010-660X","1648-9144","MEDICINE, GENERAL & INTERNAL","SCIE","30,609","2.9","Q1","0.75","99.92"%,
"Health Science Reports","HEALTH SCI REP-US","WILEY","N/A","2398-8835","MEDICINE, GENERAL & INTERNAL","ESCI","6,291","2.9","Q1","0.69","100"%,
"Pragmatic and Observational Research","PRAGMAT OBS RES","DOVE MEDICAL PRESS LTD","1179-7266","1179-7266","MEDICINE, GENERAL & INTERNAL","ESCI","297","2.9","Q1","0.68","100"%,
"JOURNAL OF IMMUNOTHERAPY","J IMMUNOTHER","LIPPINCOTT WILLIAMS & WILKINS","1524-9557","1537-4513","MEDICINE, RESEARCH & EXPERIMENTAL","SCIE","3,016","2.9","Q3","0.67","25.38"%,
"Intensive Care Medicine Experimental","INTENS CARE MED EXP","SPRINGER","2197-425X","2197-425X","CRITICAL CARE MEDICINE","ESCI","1,958","2.9","Q2","0.65","100"%,
"Critical Care Explorations","CRIT CARE EXPLOR","LIPPINCOTT WILLIAMS & WILKINS","N/A","2639-8028","CRITICAL CARE MEDICINE","ESCI","3,082","2.9","Q2","0.63","99.59"%,
"ANNALS ACADEMY OF MEDICINE SINGAPORE","ANN ACAD MED SINGAP","ACAD MEDICINE SINGAPORE","N/A","2972-4066","MEDICINE, GENERAL & INTERNAL","SCIE","2,573","2.9","Q1","0.6","100"%,
"Biomed Research International","BIOMED RES INT","WILEY","2314-6133","2314-6141","MEDICINE, RESEARCH & EXPERIMENTAL","ESCI","63,563","2.9","Q3","0.58","100"%,
"JOURNAL OF BONE AND MINERAL METABOLISM","J BONE MINER METAB","SPRINGER JAPAN KK","0914-8779","1435-5604","MEDICINE, RESEARCH & EXPERIMENTAL","SCIE","3,708","2.9","Q3","0.55","19.55"%,
"JOURNAL OF THE FORMOSAN MEDICAL ASSOCIATION","J FORMOS MED ASSOC","ELSEVIER TAIWAN","0929-6646","1876-0821","MEDICINE, GENERAL & INTERNAL","SCIE","6,392","2.8","Q1","0.83","100"%,
"Clinics and Practice","CLINICS PRACT","MDPI","2039-7275","2039-7283","MEDICINE, GENERAL & INTERNAL","ESCI","1,997","2.8","Q1","0.68","100"%,
"Biomolecules and Biomedicine","BIOMOL BIOMED","ASSOC BASIC MEDICAL SCI FEDERATION BOSNIA & HERZEGOVINA SARAJEVO","2831-0896","2831-090X","MEDICINE, RESEARCH & EXPERIMENTAL","SCIE","1,299","2.8","Q3","0.56","99.68"%,
"MEDICINA CLINICA","MED CLIN-BARCELONA","ELSEVIER ESPANA SLU","0025-7753","1578-8989","MEDICINE, GENERAL & INTERNAL","SCIE","3,999","2.8","Q1","0.56","18.78"%,
"CURRENT MEDICAL RESEARCH AND OPINION","CURR MED RES OPIN","TAYLOR & FRANCIS LTD","0300-7995","1473-4877","MEDICINE, GENERAL & INTERNAL","SCIE","8,194","2.8","Q1","0.53","10.13"%,
"CURRENT MEDICAL RESEARCH AND OPINION","CURR MED RES OPIN","TAYLOR & FRANCIS LTD","0300-7995","1473-4877","MEDICINE, RESEARCH & EXPERIMENTAL","SCIE","8,194","2.8","Q3","0.53","10.13"%,
"CURRENT MOLECULAR MEDICINE","CURR MOL MED","BENTHAM SCIENCE PUBL LTD","1566-5240","1875-5666","MEDICINE, RESEARCH & EXPERIMENTAL","SCIE","4,000","2.8","Q3","0.45","6.38"%,
"International Journal of Health Sciences-IJHS","INT J HEALTH SCI-IJH","SCIENTIFIC SCHOLAR LLC","1658-3639","1658-7774","MEDICINE, GENERAL & INTERNAL","ESCI","1,672","2.8","Q1","0.41","22.73"%,
"European Journal of General Practice","EUR J GEN PRACT","TAYLOR & FRANCIS LTD","1381-4788","1751-1402","MEDICINE, GENERAL & INTERNAL","SCIE","1,990","2.7","Q2","1.35","100"%,
"SHOCK","SHOCK","LIPPINCOTT WILLIAMS & WILKINS","1073-2322","1540-0514","CRITICAL CARE MEDICINE","SCIE","8,987","2.7","Q2","0.9","24.61"%,
"POSTGRADUATE MEDICINE","POSTGRAD MED","TAYLOR & FRANCIS LTD","0032-5481","1941-9260","MEDICINE, GENERAL & INTERNAL","SCIE","4,155","2.7","Q2","0.76","3.64"%,
"MEDICAL PRINCIPLES AND PRACTICE","MED PRIN PRACT","KARGER","1011-7571","1423-0151","MEDICINE, GENERAL & INTERNAL","SCIE","3,340","2.7","Q2","0.66","100"%,
"Journal of Taibah University Medical Sciences","J TAIBAH UNIV MED SC","ELSEVIER","1658-3612","1658-3612","MEDICINE, GENERAL & INTERNAL","ESCI","2,213","2.7","Q2","0.63","100"%,
"SINGAPORE MEDICAL JOURNAL","SINGAP MED J","WOLTERS KLUWER MEDKNOW PUBLICATIONS","0037-5675","2737-5935","MEDICINE, GENERAL & INTERNAL","SCIE","4,404","2.7","Q2","0.62","100"%,
"EXPERIMENTAL HEMATOLOGY","EXP HEMATOL","ELSEVIER SCIENCE INC","0301-472X","1873-2399","MEDICINE, RESEARCH & EXPERIMENTAL","SCIE","4,463","2.7","Q3","0.5","35.14"%,
"Research and Reports in Tropical Medicine","RES REP TROP MED","DOVE MEDICAL PRESS LTD","1179-7282","1179-7282","MEDICINE, RESEARCH & EXPERIMENTAL","ESCI","553","2.7","Q3","0.49","100"%,
"CHEST Critical Care","CHEST CRIT CARE","ELSEVIER","N/A","2949-7884","CRITICAL CARE MEDICINE","ESCI","254","2.7","Q2","0.46","99.28"%,
"Journal of Clinical and Translational Science","J CLIN TRANSL SCI","CAMBRIDGE UNIV PRESS","N/A","2059-8661","MEDICINE, RESEARCH & EXPERIMENTAL","ESCI","3,108","2.7","Q3","0.44","100"%,
"BURNS","BURNS","ELSEVIER SCI LTD","0305-4179","1879-1409","CRITICAL CARE MEDICINE","SCIE","10,262","2.6","Q2","0.95","24.97"%,
"AMERICAN JOURNAL OF CRITICAL CARE","AM J CRIT CARE","AMER ASSOC CRITICAL CARE NURSES","1062-3264","1937-710X","CRITICAL CARE MEDICINE","SCIE","2,830","2.6","Q2","0.73","0.72"%,
"Patient Preference and Adherence","PATIENT PREFER ADHER","DOVE MEDICAL PRESS LTD","1177-889X","N/A","MEDICINE, GENERAL & INTERNAL","SCIE","7,713","2.6","Q2","0.7","99.4"%,
"World Journal of Traditional Chinese Medicine","WORLD J TRAD CHINESE","WOLTERS KLUWER MEDKNOW PUBLICATIONS","2311-8571","2589-2894","MEDICINE, RESEARCH & EXPERIMENTAL","ESCI","705","2.6","Q3","0.59","100"%,
"Journal of Cardiovascular Translational Research","J CARDIOVASC TRANSL","SPRINGER","1937-5387","1937-5395","MEDICINE, RESEARCH & EXPERIMENTAL","SCIE","2,922","2.6","Q3","0.58","29.85"%,
"WIENER KLINISCHE WOCHENSCHRIFT","WIEN KLIN WOCHENSCHR","SPRINGER WIEN","0043-5325","1613-7671","MEDICINE, GENERAL & INTERNAL","SCIE","3,304","2.6","Q2","0.58","72.41"%,
"Trauma Surgery & Acute Care Open","TRAUMA SURG ACUTE CA","BMJ PUBLISHING GROUP","N/A","2397-5776","CRITICAL CARE MEDICINE","ESCI","1,932","2.5","Q3","0.8","100"%,
"BMJ Open","BMJ OPEN","BMJ PUBLISHING GROUP","2044-6055","2044-6055","MEDICINE, GENERAL & INTERNAL","SCIE","107,859","2.5","Q2","0.72","99.99"%,
"Libyan Journal of Medicine","LIBYAN J MED","TAYLOR & FRANCIS LTD","1993-2820","1819-6357","MEDICINE, GENERAL & INTERNAL","SCIE","692","2.5","Q2","0.67","100"%,
"Vaccine: X","VACCINE-X","ELSEVIER","2590-1362","2590-1362","MEDICINE, RESEARCH & EXPERIMENTAL","ESCI","1,391","2.5","Q3","0.56","100"%,
"Current Trauma Reports","CURR TRAUMA REP","SPRINGER","2198-6096","2198-6096","CRITICAL CARE MEDICINE","ESCI","402","2.5","Q3","0.55","28.3"%,
"Advances in Medical Sciences","ADV MED SCI-POLAND","ELSEVIER URBAN & PARTNER SP Z O O","1896-1126","1898-4002","MEDICINE, RESEARCH & EXPERIMENTAL","SCIE","1,812","2.5","Q3","0.51","27.5"%,
"Medicina Intensiva","MED INTENSIVA","ELSEVIER ESPANA SLU","0210-5691","1578-6749","CRITICAL CARE MEDICINE","SCIE","1,523","2.5","Q3","0.51","11.56"%,
"Biomedical Reports","BIOMED REP","SPANDIDOS PUBL LTD","2049-9434","2049-9442","MEDICINE, RESEARCH & EXPERIMENTAL","ESCI","3,618","2.5","Q3","0.46","100"%,
"MEDICAL SCIENCE MONITOR","MED SCI MONITOR","INT SCIENTIFIC INFORMATION, INC","N/A","1643-3750","MEDICINE, RESEARCH & EXPERIMENTAL","SCIE","16,764","2.5","Q3","0.45","94.39"%,
"Advances in Clinical and Experimental Medicine","ADV CLIN EXP MED","WROCLAW MEDICAL UNIV","1899-5276","2451-2680","MEDICINE, RESEARCH & EXPERIMENTAL","SCIE","3,679","2.5","Q3","0.4","99.28"%,
"Future Science OA","FUTUR SCI OA","TAYLOR & FRANCIS LTD","2056-5623","2056-5623","MEDICINE, RESEARCH & EXPERIMENTAL","ESCI","2,073","2.5","Q3","0.4","100"%,
"INJURY-INTERNATIONAL JOURNAL OF THE CARE OF THE INJURED","INJURY","ELSEVIER SCI LTD","0020-1383","1879-0267","CRITICAL CARE MEDICINE","SCIE","22,132","2.4","Q3","0.86","19.64"%,
"Sexual Medicine","SEX MED-UK","OXFORD UNIV PRESS","N/A","2050-1161","MEDICINE, GENERAL & INTERNAL","SCIE","1,870","2.4","Q2","0.76","100"%,
"Clinics","CLINICS","ELSEVIER ESPANA","1807-5932","1980-5322","MEDICINE, GENERAL & INTERNAL","SCIE","5,763","2.4","Q2","0.56","99.83"%,
"Clinical Trials","CLIN TRIALS","SAGE PUBLICATIONS LTD","1740-7745","1740-7753","MEDICINE, RESEARCH & EXPERIMENTAL","SCIE","3,279","2.4","Q3","0.54","34.09"%,
"Saudi Journal of Medicine & Medical Sciences","SAUDI J MED MED SCI","WOLTERS KLUWER MEDKNOW PUBLICATIONS","1658-631X","2321-4856","MEDICINE, GENERAL & INTERNAL","ESCI","644","2.4","Q2","0.5","100"%,
"Tzu Chi Medical Journal","TZU CHI MED J","WOLTERS KLUWER MEDKNOW PUBLICATIONS","1016-3190","2223-8956","MEDICINE, GENERAL & INTERNAL","ESCI","1,169","2.4","Q2","0.47","100"%,
"Experimental Neurobiology","EXP NEUROBIOL","KOREAN SOC BRAIN & NEURAL SCIENCE, KOREAN SOC NEURODEGENERATIVE DISEASE","1226-2560","2093-8144","MEDICINE, RESEARCH & EXPERIMENTAL","SCIE","1,497","2.4","Q3","0.45","100"%,
"AMERICAN JOURNAL OF THE MEDICAL SCIENCES","AM J MED SCI","ELSEVIER SCIENCE INC","0002-9629","1538-2990","MEDICINE, GENERAL & INTERNAL","SCIE","6,305","2.4","Q2","0.44","8.03"%,
"Redox Experimental Medicine","REDOX EXP MED","BIOSCIENTIFICA LTD","N/A","2755-158X","MEDICINE, RESEARCH & EXPERIMENTAL","ESCI","120","2.4","Q3","0.25","100"%,
"Journal of the American Board of Family Medicine","J AM BOARD FAM MED","AMER BOARD FAMILY MEDICINE","1557-2625","1558-7118","MEDICINE, GENERAL & INTERNAL","SCIE","4,507","2.3","Q2","1.28","98.55"%,
"Journal of the Chinese Medical Association","J CHIN MED ASSOC","LIPPINCOTT WILLIAMS & WILKINS","1726-4901","1728-7731","MEDICINE, GENERAL & INTERNAL","SCIE","3,478","2.3","Q2","0.74","98.99"%,
"JOURNAL OF THE NATIONAL MEDICAL ASSOCIATION","J NATL MED ASSOC","ELSEVIER SCIENCE INC","0027-9684","1943-4693","MEDICINE, GENERAL & INTERNAL","SCIE","3,998","2.3","Q2","0.67","17.22"%,
"Critical Care Nurse","CRIT CARE NURSE","AMER ASSOC CRITICAL CARE NURSES","0279-5442","1940-8250","CRITICAL CARE MEDICINE","SCIE","1,420","2.3","Q3","0.61","0"%,
"Respiratory Care","RESP CARE","SAGE PUBLICATIONS INC","0020-1324","1943-3654","CRITICAL CARE MEDICINE","SCIE","7,413","2.3","Q3","0.6","4.94"%,
"International Journal of General Medicine","INT J GEN MED","DOVE MEDICAL PRESS LTD","N/A","1178-7074","MEDICINE, GENERAL & INTERNAL","SCIE","8,755","2.3","Q2","0.59","99.17"%,
"Acute and Critical Care","ACUTE CRIT CARE","KOREAN SOC CRITICAL CARE MEDICINE","2586-6052","2586-6060","CRITICAL CARE MEDICINE","ESCI","972","2.3","Q3","0.53","100"%,
"UPSALA JOURNAL OF MEDICAL SCIENCES","UPSALA J MED SCI","UPSALA MED SOC","0300-9734","2000-1967","MEDICINE, GENERAL & INTERNAL","SCIE","1,522","2.3","Q2","0.49","97.44"%,
"JOURNAL OF INTENSIVE CARE MEDICINE","J INTENSIVE CARE MED","SAGE PUBLICATIONS INC","0885-0666","1525-1489","CRITICAL CARE MEDICINE","SCIE","4,114","2.3","Q3","0.47","13.45"%,
"SAGE Open Medicine","SAGE OPEN MED","SAGE PUBLICATIONS INC","2050-3121","2050-3121","MEDICINE, GENERAL & INTERNAL","ESCI","5,517","2.2","Q2","0.59","100"%,
"KOREAN JOURNAL OF INTERNAL MEDICINE","KOREAN J INTERN MED","KOREAN ASSOC INTERNAL MEDICINE","1226-3303","2005-6648","MEDICINE, GENERAL & INTERNAL","SCIE","3,664","2.2","Q2","0.56","99.59"%,
"Experimental and Therapeutic Medicine","EXP THER MED","SPANDIDOS PUBL LTD","1792-0981","1792-1015","MEDICINE, RESEARCH & EXPERIMENTAL","SCIE","22,619","2.2","Q3","0.51","99.65"%,
"Journal of Clinical Medicine Research-Canada","J CLIN MED RES-CAN","ELMER PRESS INC","1918-3003","1918-3011","MEDICINE, GENERAL & INTERNAL","ESCI","1,304","2.2","Q2","0.43","100"%,
"AMERICAN JOURNAL OF MANAGED CARE","AM J MANAG CARE","MANAGED CARE & HEALTHCARE COMMUNICATIONS LLC","1088-0224","N/A","MEDICINE, GENERAL & INTERNAL","SCIE","5,205","2.1","Q2","0.65","0"%,
"STATISTICS IN MEDICINE","STAT MED","WILEY","0277-6715","1097-0258","MEDICINE, RESEARCH & EXPERIMENTAL","SCIE","36,828","2.1","Q3","0.6","42.45"%,
"BMJ Open Quality","BMJ OPEN QUAL","BMJ PUBLISHING GROUP","N/A","2399-6641","MEDICINE, GENERAL & INTERNAL","ESCI","3,135","2.1","Q2","0.58","99.88"%,
"Biomarkers in Medicine","BIOMARK MED","TAYLOR & FRANCIS LTD","1752-0363","1752-0371","MEDICINE, RESEARCH & EXPERIMENTAL","SCIE","2,636","2.1","Q3","0.51","4.08"%,
"Trials","TRIALS","BMC","N/A","1745-6215","MEDICINE, RESEARCH & EXPERIMENTAL","SCIE","19,402","2.1","Q3","0.51","99.68"%,
"SAUDI MEDICAL JOURNAL","SAUDI MED J","SAUDI MED J","0379-5284","1658-3175","MEDICINE, GENERAL & INTERNAL","SCIE","5,093","2.1","Q2","0.5","99.79"%,
"CROATIAN MEDICAL JOURNAL","CROAT MED J","MEDICINSKA NAKLADA","0353-9504","1332-8166","MEDICINE, GENERAL & INTERNAL","SCIE","1,958","2.1","Q2","0.44","92.81"%,
"Pilot and Feasibility Studies","PILOT FEASIBILITY ST","BMC","N/A","2055-5784","MEDICINE, RESEARCH & EXPERIMENTAL","ESCI","3,350","2.1","Q3","0.43","100"%,
"INDIAN JOURNAL OF MEDICAL RESEARCH","INDIAN J MED RES","SCIENTIFIC SCHOLAR LLC","0971-5916","0971-5916","MEDICINE, GENERAL & INTERNAL","SCIE","8,065","2.1","Q2","0.41","99.75"%,
"INDIAN JOURNAL OF MEDICAL RESEARCH","INDIAN J MED RES","SCIENTIFIC SCHOLAR LLC","0971-5916","0971-5916","MEDICINE, RESEARCH & EXPERIMENTAL","SCIE","8,065","2.1","Q3","0.41","99.75"%,
"Intractable & Rare Diseases Research","INTRACTABLE RARE DIS","INT RESEARCH & COOPERATION ASSOC BIO & SOCIO-SCIENCES ADVANCEMENT","2186-3644","2186-361X","MEDICINE, GENERAL & INTERNAL","ESCI","913","2.1","Q2","0.39","100"%,
"FAMILY MEDICINE","FAM MED","SOC TEACHERS FAMILY MEDICINE","0742-3225","1938-3800","MEDICINE, GENERAL & INTERNAL","SCIE","2,811","2","Q2","1.01","100"%,
"Australian Journal of General Practice","AUST J GEN PRACT","ROYAL AUSTRALIAN COLLEGE GENERAL PRACTITIONERS","2208-794X","2208-7958","MEDICINE, GENERAL & INTERNAL","SCIE","1,832","2","Q2","0.9","10.98"%,
"LARYNGOSCOPE","LARYNGOSCOPE","WILEY","0023-852X","1531-4995","MEDICINE, RESEARCH & EXPERIMENTAL","SCIE","28,121","2","Q3","0.78","31.74"%,
"INTERNATIONAL JOURNAL OF CLINICAL PRACTICE","INT J CLIN PRACT","WILEY","1368-5031","1742-1241","MEDICINE, GENERAL & INTERNAL","SCIE","7,911","2","Q2","0.55","100"%,
"European Journal of Translational Myology","EUR J TRANSL MYOL","PAGEPRESS PUBL","2037-7452","2037-7460","MEDICINE, RESEARCH & EXPERIMENTAL","ESCI","905","2","Q3","0.48","93.53"%,
"JMA Journal","JMA J","JAPAN MEDICAL ASSOC-JAPANESE ASSOC MEDICAL SCIENCES","2433-328X","2433-3298","MEDICINE, GENERAL & INTERNAL","ESCI","887","2","Q2","0.48","99.45"%,
"IRISH JOURNAL OF MEDICAL SCIENCE","IRISH J MED SCI","SPRINGER LONDON LTD","0021-1265","1863-4362","MEDICINE, GENERAL & INTERNAL","SCIE","4,532","2","Q2","0.47","30"%,
"JBI Evidence Implementation","JBI EVID IMPLEMENT","LIPPINCOTT WILLIAMS & WILKINS","2691-3321","2691-3321","MEDICINE, GENERAL & INTERNAL","SCIE","777","2","Q2","0.45","21.38"%,
"MEDICINE","MEDICINE","LIPPINCOTT WILLIAMS & WILKINS","0025-7974","1536-5964","MEDICINE, GENERAL & INTERNAL","SCIE","81,919","2","Q2","0.45","99.78"%,
"Current Medical Science","CURR MED SCI","SPRINGER","2096-5230","2523-899X","MEDICINE, RESEARCH & EXPERIMENTAL","SCIE","2,280","2","Q3","0.44","5.85"%,
"Indian Journal of Critical Care Medicine","INDIAN J CRIT CARE M","JAYPEE BROTHERS MEDICAL PUBLISHERS PVT LTD","0972-5229","1998-359X","CRITICAL CARE MEDICINE","ESCI","3,725","2","Q3","0.41","98.68"%,
"Journal of Yeungnam Medical Science","J YEUNGNAM MED SCI","YEUNGNAM UNIV COLL MEDICINE, YEUNGNAM UNIV INST MEDICAL SCIENCE","N/A","2799-8010","MEDICINE, GENERAL & INTERNAL","ESCI","382","2","Q2","0.41","100"%,
"Revista de Investigacion Clinica-Clinical and Translational Investigation","REV INVEST CLIN","INST NACIONAL NUTRICION","0034-8376","2564-8896","MEDICINE, GENERAL & INTERNAL","SCIE","907","2","Q2","0.38","76.64"%,
"Rambam Maimonides Medical Journal","RAMBAM MAIMONIDES ME","RAMBAM HEALTH CARE CAMPUS","2076-9172","2076-9172","MEDICINE, GENERAL & INTERNAL","ESCI","730","2","Q2","0.37","96.61"%,
"FAMILY PRACTICE","FAM PRACT","OXFORD UNIV PRESS","0263-2136","1460-2229","MEDICINE, GENERAL & INTERNAL","SCIE","5,522","1.9","Q2","1.07","42.59"%,
"SCANDINAVIAN JOURNAL OF PRIMARY HEALTH CARE","SCAND J PRIM HEALTH","TAYLOR & FRANCIS LTD","0281-3432","1502-7724","MEDICINE, GENERAL & INTERNAL","SCIE","1,952","1.9","Q2","0.8","100"%,
"Journal of Burn Care & Research","J BURN CARE RES","OXFORD UNIV PRESS","1559-047X","1559-0488","CRITICAL CARE MEDICINE","SCIE","5,147","1.9","Q3","0.61","14.8"%,
"Diagnosis","DIAGNOSIS","WALTER DE GRUYTER GMBH","2194-8011","2194-802X","MEDICINE, GENERAL & INTERNAL","ESCI","1,209","1.9","Q2","0.58","23.19"%,
"STEM CELLS AND DEVELOPMENT","STEM CELLS DEV","SAGE PUBLICATIONS INC","1547-3287","1557-8534","MEDICINE, RESEARCH & EXPERIMENTAL","SCIE","5,694","1.9","Q3","0.55","11.24"%,
"Contemporary Clinical Trials","CONTEMP CLIN TRIALS","ELSEVIER SCIENCE INC","1551-7144","1559-2030","MEDICINE, RESEARCH & EXPERIMENTAL","SCIE","6,350","1.9","Q3","0.51","25.66"%,
"Journal of Applied Biomedicine","J APPL BIOMED","UNIV SOUTH BOHEMIA","1214-021X","1214-0287","MEDICINE, RESEARCH & EXPERIMENTAL","SCIE","763","1.9","Q3","0.48","100"%,
"Biomarker Insights","BIOMARK INSIGHTS","SAGE PUBLICATIONS LTD","1177-2719","1177-2719","MEDICINE, RESEARCH & EXPERIMENTAL","ESCI","1,114","1.9","Q3","0.47","100"%,
"BRAZILIAN JOURNAL OF MEDICAL AND BIOLOGICAL RESEARCH","BRAZ J MED BIOL RES","ASSOC BRAS DIVULG CIENTIFICA","0100-879X","1414-431X","MEDICINE, RESEARCH & EXPERIMENTAL","SCIE","5,544","1.9","Q3","0.44","94.44"%,
"JOURNAL OF INVESTIGATIVE MEDICINE","J INVEST MED","SAGE PUBLICATIONS LTD","1081-5589","1708-8267","MEDICINE, GENERAL & INTERNAL","SCIE","2,921","1.9","Q2","0.43","2.26"%,
"JOURNAL OF INVESTIGATIVE MEDICINE","J INVEST MED","SAGE PUBLICATIONS LTD","1081-5589","1708-8267","MEDICINE, RESEARCH & EXPERIMENTAL","SCIE","2,921","1.9","Q3","0.43","2.26"%,
"ATS Scholar","ATS SCHOLAR","OXFORD UNIV PRESS","N/A","2690-7097","CRITICAL CARE MEDICINE","ESCI","449","1.9","Q3","0.42","100"%,
"Journal of the Intensive Care Society","J INTENSIVE CARE SOC","SAGE PUBLICATIONS LTD","1751-1437","1751-1437","CRITICAL CARE MEDICINE","ESCI","1,143","1.9","Q3","0.41","20.77"%,
"IRANIAN BIOMEDICAL JOURNAL","IRAN BIOMED J","PASTEUR INST IRAN","1028-852X","2008-823X","MEDICINE, RESEARCH & EXPERIMENTAL","ESCI","969","1.9","Q3","0.26","53.15"%,
"JOURNAL OF WOMENS HEALTH","J WOMENS HEALTH","SAGE PUBLICATIONS INC","1540-9996","1931-843X","MEDICINE, GENERAL & INTERNAL","SCIE","9,072","1.8","Q2","0.82","5.41"%,
"Journal of Hospital Medicine","J HOSP MED","WILEY","1553-5592","1553-5606","MEDICINE, GENERAL & INTERNAL","SCIE","4,255","1.8","Q2","0.64","33.27"%,
"ANNALS OF SAUDI MEDICINE","ANN SAUDI MED","K FAISAL SPEC HOSP RES CENTRE","0256-4947","1319-9226","MEDICINE, GENERAL & INTERNAL","SCIE","2,424","1.8","Q2","0.59","94.33"%,
"MELANOMA RESEARCH","MELANOMA RES","LIPPINCOTT WILLIAMS & WILKINS","0960-8931","1473-5636","MEDICINE, RESEARCH & EXPERIMENTAL","SCIE","2,188","1.8","Q3","0.52","22.34"%,
"IN VIVO","IN VIVO","INT INST ANTICANCER RESEARCH","0258-851X","1791-7549","MEDICINE, RESEARCH & EXPERIMENTAL","SCIE","6,613","1.8","Q3","0.46","100"%,
"JOURNAL OF NIPPON MEDICAL SCHOOL","J NIPPON MED SCH","MEDICAL ASSOC NIPPON MEDICAL SCH","1345-4676","1347-3409","MEDICINE, GENERAL & INTERNAL","SCIE","1,163","1.8","Q2","0.45","99.06"%,
"Open Medicine","OPEN MED-WARSAW","DE GRUYTER POLAND SP Z O O","2391-5463","2391-5463","MEDICINE, GENERAL & INTERNAL","SCIE","2,892","1.8","Q2","0.44","100"%,
"INTERNAL MEDICINE JOURNAL","INTERN MED J","WILEY","1444-0903","1445-5994","MEDICINE, GENERAL & INTERNAL","SCIE","5,487","1.8","Q2","0.43","49.92"%,
"International Journal of Preventive Medicine","INT J PREVENTIVE MED","WOLTERS KLUWER MEDKNOW PUBLICATIONS","2008-7802","2008-8213","MEDICINE, GENERAL & INTERNAL","ESCI","3,756","1.8","Q2","0.38","100"%,
"American Journal of Translational Research","AM J TRANSL RES","E-CENTURY PUBLISHING CORP","1943-8141","1943-8141","MEDICINE, RESEARCH & EXPERIMENTAL","SCIE","14,245","1.8","Q3","0.36","1.4"%,
"Canadian Journal of Respiratory Therapy","CAN J RESP THER","Canadian Soc Respiratory Therapists - CSRT Ottawa Office","N/A","2368-6820","CRITICAL CARE MEDICINE","ESCI","309","1.8","Q3","0.34","98.51"%,
"JOURNAL OF INTERNATIONAL MEDICAL RESEARCH","J INT MED RES","SAGE PUBLICATIONS LTD","0300-0605","1473-2300","MEDICINE, RESEARCH & EXPERIMENTAL","SCIE","11,822","1.8","Q3","0.34","99.93"%,
"International Journal of Molecular and Cellular Medicine","INT J MOL CELL MED","CELLULAR & MOLECULAR BIOLOGY RESEARCH CENTER","2251-9637","2251-9645","MEDICINE, RESEARCH & EXPERIMENTAL","ESCI","702","1.8","Q3","0.33","0"%,
"Journal of the Royal College of Physicians of Edinburgh","J ROY COLL PHYS EDIN","SAGE PUBLICATIONS LTD","1478-2715","2042-8189","MEDICINE, GENERAL & INTERNAL","ESCI","1,042","1.8","Q2","0.27","12.6"%,
"Lymphatic Research and Biology","LYMPHAT RES BIOL","SAGE PUBLICATIONS INC","1539-6851","1557-8585","MEDICINE, RESEARCH & EXPERIMENTAL","SCIE","1,498","1.7","Q3","0.56","10.74"%,
"BMJ Military Health","BMJ MILITARY HEALTH","BMJ PUBLISHING GROUP","2633-3767","2633-3775","MEDICINE, GENERAL & INTERNAL","SCIE","1,024","1.7","Q2","0.52","23.22"%,
"REVISTA CLINICA ESPANOLA","REV CLIN ESP","EDICIONES DOYMA S A","0014-2565","1578-1860","MEDICINE, GENERAL & INTERNAL","SCIE","1,010","1.7","Q2","0.5","16.29"%,
"CANCER BIOTHERAPY AND RADIOPHARMACEUTICALS","CANCER BIOTHER RADIO","SAGE PUBLICATIONS INC","1084-9785","1557-8852","MEDICINE, RESEARCH & EXPERIMENTAL","SCIE","2,507","1.7","Q3","0.46","7.65"%,
"Enfermeria Intensiva","ENFERM INTENSIV","ELSEVIER SCIENCE INC","1130-2399","1578-1291","CRITICAL CARE MEDICINE","ESCI","443","1.7","Q3","0.42","16.79"%,
"BRITISH JOURNAL OF HOSPITAL MEDICINE","BRIT J HOSP MED","IMR PRESS","1750-8460","1759-7390","MEDICINE, GENERAL & INTERNAL","SCIE","2,284","1.7","Q2","0.39","80.9"%,
"Journal of Research in Medical Sciences","J RES MED SCI","WOLTERS KLUWER MEDKNOW PUBLICATIONS","1735-1995","1735-7136","MEDICINE, GENERAL & INTERNAL","SCIE","3,497","1.7","Q2","0.38","97.2"%,
"Clinical Teacher","CLIN TEACH","WILEY","1743-4971","1743-498X","MEDICINE, RESEARCH & EXPERIMENTAL","ESCI","1,850","1.7","Q3","0.34","58.22"%,
"Atencion Primaria","ATEN PRIM","ELSEVIER ESPANA SLU","0212-6567","1578-1275","MEDICINE, GENERAL & INTERNAL","SCIE","1,685","1.6","Q2","0.62","100"%,
"SWISS MEDICAL WEEKLY","SWISS MED WKLY","SMW supporting association","1424-7860","1424-3997","MEDICINE, GENERAL & INTERNAL","SCIE","3,829","1.6","Q2","0.49","99.15"%,
"Annals of Medicine and Surgery","ANN MED SURG","LIPPINCOTT WILLIAMS & WILKINS","2049-0801","2049-0801","MEDICINE, GENERAL & INTERNAL","ESCI","10,784","1.6","Q2","0.46","99.82"%,
"Pakistan Journal of Medical Sciences","PAK J MED SCI","PROFESSIONAL MEDICAL PUBLICATIONS","1682-024X","1681-715X","MEDICINE, GENERAL & INTERNAL","SCIE","6,304","1.6","Q2","0.46","99.44"%,
"Critical Care Research and Practice","CRIT CARE RES PRACT","WILEY","2090-1305","2090-1313","CRITICAL CARE MEDICINE","ESCI","984","1.6","Q3","0.44","100"%,
"Medizinische Klinik-Intensivmedizin und Notfallmedizin","MED KLIN-INTENSIVMED","SPRINGER HEIDELBERG","2193-6218","2193-6226","MEDICINE, GENERAL & INTERNAL","SCIE","942","1.6","Q2","0.44","32.38"%,
"Iranian Journal of Medical Sciences","IRAN J MED SCI","SHIRAZ UNIV MEDICAL SCIENCES","0253-0716","1735-3688","MEDICINE, GENERAL & INTERNAL","ESCI","1,502","1.6","Q2","0.4","0"%,
"Revista da Associacao Medica Brasileira","REV ASSOC MED BRAS","ASSOC MEDICA BRASILEIRA","0104-4230","1806-9282","MEDICINE, GENERAL & INTERNAL","SCIE","3,765","1.6","Q2","0.39","99.57"%,
"Eurasian Journal of Medicine","EURASIAN J MED","AVES","N/A","1308-8742","MEDICINE, GENERAL & INTERNAL","ESCI","1,221","1.6","Q2","0.38","99.3"%,
"Metabolic Syndrome and Related Disorders","METAB SYNDR RELAT D","SAGE PUBLICATIONS INC","1540-4196","1557-8518","MEDICINE, RESEARCH & EXPERIMENTAL","SCIE","2,532","1.6","Q4","0.36","3.47"%,
"Romanian Journal of Internal Medicine","ROM J INTERN MED","Paradigm Publishing Services-De Gruyter Brill Sp Zoo","1582-3296","2501-062X","MEDICINE, GENERAL & INTERNAL","ESCI","618","1.6","Q2","0.33","100"%,
"Malaysian Journal of Medical Sciences","MALAYS J MED SCI","PENERBIT UNIV SAINS MALAYSIA","1394-195X","2180-4303","MEDICINE, RESEARCH & EXPERIMENTAL","ESCI","2,379","1.6","Q4","0.25","98.94"%,
"Medeniyet Medical Journal","MEDENI MED J","GALENOS PUBL HOUSE","2149-2042","2149-4606","MEDICINE, GENERAL & INTERNAL","ESCI","338","1.5","Q2","0.47","90.65"%,
"Ochsner Journal","OCHSNER J","OCHSNER CLINIC","1524-5012","2831-4107","MEDICINE, GENERAL & INTERNAL","ESCI","1,870","1.5","Q2","0.44","99.24"%,
"JOURNAL OF EVALUATION IN CLINICAL PRACTICE","J EVAL CLIN PRACT","WILEY","1356-1294","1365-2753","MEDICINE, GENERAL & INTERNAL","SCIE","6,609","1.5","Q2","0.42","44.8"%,
"ANAESTHESIA AND INTENSIVE CARE","ANAESTH INTENS CARE","SAGE PUBLICATIONS LTD","0310-057X","1448-0271","CRITICAL CARE MEDICINE","SCIE","2,627","1.5","Q3","0.37","16.77"%,
"Contemporary Clinical Trials Communications","CONT CLIN TRIAL COMM","ELSEVIER INC","N/A","2451-8654","MEDICINE, RESEARCH & EXPERIMENTAL","ESCI","2,260","1.5","Q4","0.36","100"%,
"TOHOKU JOURNAL OF EXPERIMENTAL MEDICINE","TOHOKU J EXP MED","TOHOKU UNIV MEDICAL PRESS","0040-8727","1349-3329","MEDICINE, GENERAL & INTERNAL","SCIE","3,391","1.5","Q2","0.36","99.68"%,
"TOHOKU JOURNAL OF EXPERIMENTAL MEDICINE","TOHOKU J EXP MED","TOHOKU UNIV MEDICAL PRESS","0040-8727","1349-3329","MEDICINE, RESEARCH & EXPERIMENTAL","SCIE","3,391","1.5","Q4","0.36","99.68"%,
"BIOMEDICAL RESEARCH-TOKYO","BIOMED RES-TOKYO","BIOMEDICAL RESEARCH PRESS LTD","0388-6107","1880-313X","MEDICINE, RESEARCH & EXPERIMENTAL","SCIE","896","1.5","Q4","0.34","79.22"%,
"Chronic Illness","CHRONIC ILLN","SAGE PUBLICATIONS LTD","1742-3953","1745-9206","MEDICINE, GENERAL & INTERNAL","SCIE","1,266","1.4","Q2","0.49","15.84"%,
"Medical Science Monitor Basic Research","MED SCI MONIT BASIC","INT SCIENTIFIC INFORMATION, INC","2325-4416","2325-4394","MEDICINE, RESEARCH & EXPERIMENTAL","ESCI","582","1.4","Q4","0.4","95.83"%,
"Acute Medicine & Surgery","ACUTE MED SURG","WILEY","2052-8817","2052-8817","MEDICINE, GENERAL & INTERNAL","ESCI","1,156","1.4","Q2","0.39","100"%,
"Fatigue-Biomedicine Health and Behavior","FATIGUE","ROUTLEDGE JOURNALS, TAYLOR & FRANCIS LTD","2164-1846","2164-1862","MEDICINE, RESEARCH & EXPERIMENTAL","ESCI","435","1.4","Q4","0.36","23.08"%,
"Turkish Journal Of Medical Sciences","TURK J MED SCI","Tubitak Scientific & Technological Research Council Turkey","1300-0144","1303-6165","MEDICINE, GENERAL & INTERNAL","SCIE","4,011","1.4","Q2","0.36","53.33"%,
"Bratislava Medical Journal","BRATISL MED J","SPRINGERNATURE","0006-9248","1336-0345","MEDICINE, GENERAL & INTERNAL","SCIE","2,432","1.4","Q2","0.35","98.86"%,
"SAMJ SOUTH AFRICAN MEDICAL JOURNAL","SAMJ S AFR MED J","SA MEDICAL ASSOC","0256-9574","2078-5135","MEDICINE, GENERAL & INTERNAL","SCIE","4,150","1.4","Q2","0.35","73.7"%,
"African Journal of Laboratory Medicine","AFR J LAB MED","AOSIS","2225-2002","2225-2010","MEDICINE, RESEARCH & EXPERIMENTAL","ESCI","506","1.4","Q4","0.29","100"%,
"ACTA CLINICA BELGICA","ACTA CLIN BELG","TAYLOR & FRANCIS LTD","1784-3286","2295-3337","MEDICINE, GENERAL & INTERNAL","SCIE","1,289","1.4","Q2","0.27","1.74"%,
"Asian Biomedicine","ASIAN BIOMED","WALTER DE GRUYTER GMBH","1905-7415","1875-855X","MEDICINE, RESEARCH & EXPERIMENTAL","SCIE","542","1.4","Q4","0.21","100"%,
"Global Journal of Medical Pharmaceutical and Biomedical Update","GLOB J MED PHARM BIO","SCIENTIFIC SCHOLAR LLC","N/A","2765-8910","MEDICINE, GENERAL & INTERNAL","ESCI","84","1.4","Q2","0.19","94.92"%,
"Colombia Medica","COLOMB MEDICA","CORPORACION EDITORA MEDICA VALLE","1657-9534","N/A","MEDICINE, GENERAL & INTERNAL","SCIE","506","1.4","Q2","0.15","97.73"%,
"SCOTTISH MEDICAL JOURNAL","SCOT MED J","SAGE PUBLICATIONS LTD","0036-9330","2045-6441","MEDICINE, GENERAL & INTERNAL","SCIE","693","1.3","Q2","0.57","7.14"%,
"International Journal of Osteopathic Medicine","INT J OSTEOPATH MED","ELSEVIER SCI LTD","1746-0689","1878-0164","MEDICINE, GENERAL & INTERNAL","SCIE","604","1.3","Q2","0.55","16.54"%,
"Sexes","SEXES","MDPI","N/A","2411-5118","MEDICINE, GENERAL & INTERNAL","ESCI","298","1.3","Q2","0.52","100"%,
"Journal of Osteopathic Medicine","J OSTEOPATH MED","WALTER DE GRUYTER GMBH","N/A","2702-3648","MEDICINE, GENERAL & INTERNAL","ESCI","598","1.3","Q2","0.42","100"%,
"Journal of General and Family Medicine","J GEN FAM MED","WILEY","2189-7948","2189-7948","MEDICINE, GENERAL & INTERNAL","ESCI","781","1.3","Q2","0.38","100"%,
"Gaceta Medica de Mexico","GAC MED MEX","ACAD NACIONAL MEDICINA MEXICO","0016-3813","0016-3813","MEDICINE, GENERAL & INTERNAL","SCIE","849","1.3","Q2","0.23","100"%,
"Eurasian Journal of Medicine and Oncology","EURASIAN J MED ONCOL","Accscience Publishing","N/A","2587-196X","MEDICINE, GENERAL & INTERNAL","ESCI","256","1.3","Q2","0.19","87.63"%,
"Sao Paulo Medical Journal","SAO PAULO MED J","ASSOCIACAO PAULISTA MEDICINA","1516-3180","N/A","MEDICINE, GENERAL & INTERNAL","SCIE","1,671","1.2","Q2","0.47","98.1"%,
"South African Family Practice","S AFR FAM PRACT","AOSIS","2078-6190","2078-6204","MEDICINE, GENERAL & INTERNAL","ESCI","988","1.2","Q2","0.39","99.56"%,
"MILITARY MEDICINE","MIL MED","OXFORD UNIV PRESS","0026-4075","1930-613X","MEDICINE, GENERAL & INTERNAL","SCIE","8,563","1.2","Q2","0.37","35.08"%,
"Archives of Iranian Medicine","ARCH IRAN MED","ACAD MEDICAL SCIENCES I R IRAN","1029-2977","1735-3947","MEDICINE, GENERAL & INTERNAL","SCIE","2,306","1.2","Q2","0.33","89.29"%,
"Acta Medica Portuguesa","ACTA MEDICA PORT","ORDEM MEDICOS","0870-399X","1646-0758","MEDICINE, GENERAL & INTERNAL","SCIE","1,378","1.2","Q2","0.32","98.45"%,
"Clinical Medicine & Research","CLIN MED RES","MARSHFIELD CLINIC","1539-4182","1554-6179","MEDICINE, GENERAL & INTERNAL","ESCI","1,178","1.2","Q2","0.3","100"%,
"NEW ZEALAND MEDICAL JOURNAL","NEW ZEAL MED J","NEW ZEALAND MEDICAL ASSOC","0028-8446","1175-8716","MEDICINE, GENERAL & INTERNAL","ESCI","3,008","1.2","Q2","0.3","1.22"%,
"Nigerian Postgraduate Medical Journal","NIGER POSTGRAD MED J","WOLTERS KLUWER MEDKNOW PUBLICATIONS","1117-1936","2468-6875","MEDICINE, GENERAL & INTERNAL","ESCI","662","1.2","Q2","0.3","100"%,
"International Journal of Applied and Basic Medical Research","INT J APPL BASIC MED","WOLTERS KLUWER MEDKNOW PUBLICATIONS","2229-516X","2248-9606","MEDICINE, GENERAL & INTERNAL","ESCI","1,010","1.2","Q2","0.29","100"%,
"Caspian Journal of Internal Medicine","CASP J INTERN MED","BABOL UNIV MEDICAL SCIENCES","2008-6164","2008-6172","MEDICINE, GENERAL & INTERNAL","ESCI","1,576","1.2","Q2","0.27","0"%,
"Critical Care Nursing Quarterly","CRIT CARE NURS Q","LIPPINCOTT WILLIAMS & WILKINS","0887-9303","1550-5111","CRITICAL CARE MEDICINE","ESCI","748","1.2","Q4","0.26","0"%,
"Journal of Critical Care Medicine","J CRIT CARE MED","Paradigm Publishing Services-De Gruyter Brill Sp Zoo","2393-1809","2393-1817","CRITICAL CARE MEDICINE","ESCI","385","1.2","Q4","0.26","100"%,
"Egyptian Journal of Internal Medicine","EGYPT J INTERN MED","SPRINGERNATURE","1110-7782","2090-9098","MEDICINE, GENERAL & INTERNAL","ESCI","520","1.2","Q2","0.24","100"%,
"Southern African Journal of Critical Care","SOUTH AFR J CRIT CAR","HEALTH & MEDICAL PUBLISHING GROUP","1562-8264","2078-676X","CRITICAL CARE MEDICINE","ESCI","188","1.2","Q4","0.23","81.4"%,
"NATIONAL MEDICAL JOURNAL OF INDIA","NATL MED J INDIA","SCIENTIFIC SCHOLAR LLC","2583-150X","0970-258X","MEDICINE, GENERAL & INTERNAL","SCIE","937","1.2","Q2","0.18","81.12"%,
"TIDSSKRIFT FOR DEN NORSKE LAEGEFORENING","TIDSSKR NORSKE LAEGE","NORWEGIAN MEDICAL ASSOC","0029-2001","0807-7096","MEDICINE, GENERAL & INTERNAL","ESCI","1,328","1.2","Q2","0.05","3.79"%,
"Danish Medical Journal","DAN MED J","DANISH MEDICAL ASSOC","N/A","2245-1919","MEDICINE, GENERAL & INTERNAL","SCIE","1,499","1.1","Q3","0.34","60.41"%,
"Emergency and Critical Care Medicine","EMERG CRIT CARE MED","LIPPINCOTT WILLIAMS & WILKINS","2097-0617","2693-860X","CRITICAL CARE MEDICINE","ESCI","122","1.1","Q4","0.33","100"%,
"Journal of Postgraduate Medicine","J POSTGRAD MED","WOLTERS KLUWER MEDKNOW PUBLICATIONS","0022-3859","0972-2823","MEDICINE, GENERAL & INTERNAL","SCIE","1,375","1.1","Q3","0.3","100"%,
"Electronic Journal of General Medicine","ELECTRON J GEN MED","MODESTUM LTD","2516-3507","2516-3507","MEDICINE, GENERAL & INTERNAL","ESCI","526","1.1","Q3","0.29","99.64"%,
"Medical Mycology Case Reports","MED MYCOL CASE REP","ELSEVIER","2211-7539","2211-7539","MEDICINE, RESEARCH & EXPERIMENTAL","ESCI","718","1.1","Q4","0.29","100"%,
"JCPSP-Journal of the College of Physicians and Surgeons Pakistan","JCPSP-J COLL PHYSICI","COLL PHYSICIANS & SURGEONS PAKISTAN","1022-386X","1681-7168","MEDICINE, GENERAL & INTERNAL","SCIE","3,213","1.1","Q3","0.27","99.61"%,
"Einstein-Sao Paulo","EINSTEIN-SAO PAULO","INST ISRAELITA ENSINO & PESQUISA ALBERT EINSTEIN","1679-4508","2317-6385","MEDICINE, GENERAL & INTERNAL","ESCI","1,651","1.1","Q3","0.24","99.11"%,
"Advanced Biomedical Research","ADV BIOMED RES-INDIA","WOLTERS KLUWER MEDKNOW PUBLICATIONS","2277-9175","2277-9175","MEDICINE, RESEARCH & EXPERIMENTAL","ESCI","2,087","1.1","Q4","0.22","97.48"%,
"Medicina Balear","MED BALEAR","REIAL ACAD MEDICINA ILLES BALEARS","1579-5853","2255-0569","MEDICINE, GENERAL & INTERNAL","ESCI","325","1.1","Q3","0.21","0"%,
"Northern Clinics of Istanbul","NORTH CLIN ISTANB","KARE PUBL","2148-4902","2536-4553","MEDICINE, GENERAL & INTERNAL","ESCI","1,048","1","Q3","0.31","100"%,
"European Burn Journal","EUR BURN J","MDPI","N/A","2673-1991","CRITICAL CARE MEDICINE","ESCI","192","1","Q4","0.3","100"%,
"Internal Medicine","INTERNAL MED","JAPAN SOC INTERNAL MEDICINE","0918-2918","1349-7235","MEDICINE, GENERAL & INTERNAL","SCIE","8,077","1","Q3","0.29","99.42"%,
"ORVOSI HETILAP","ORVOSI HETILAP","AKADEMIAI KIADO ZRT","0030-6002","1788-6120","MEDICINE, GENERAL & INTERNAL","SCIE","1,605","1","Q3","0.29","83.87"%,
"Medical Bulletin of Sisli Etfal Hospital","MED B SISLI ETFAL HO","KARE PUBL","1302-7123","1308-5123","MEDICINE, GENERAL & INTERNAL","ESCI","630","1","Q3","0.28","73.33"%,
"Annals of African Medicine","ANN AFR MED","WOLTERS KLUWER MEDKNOW PUBLICATIONS","1596-3519","0975-5764","MEDICINE, GENERAL & INTERNAL","ESCI","1,181","1","Q3","0.27","33.33"%,
"Biomedical and Biotechnology Research Journal","BIOMED BIOTECH RES J","WOLTERS KLUWER MEDKNOW PUBLICATIONS","2588-9834","2588-9842","MEDICINE, RESEARCH & EXPERIMENTAL","ESCI","546","1","Q4","0.26","99.57"%,
"Case Reports in Medicine","CASE REP MED","WILEY","1687-9627","1687-9635","MEDICINE, GENERAL & INTERNAL","ESCI","1,142","1","Q3","0.23","100"%,
"MEDICAL HYPOTHESES","MED HYPOTHESES","ELSEVIER","0306-9877","1532-2777","MEDICINE, RESEARCH & EXPERIMENTAL","SCIE","8,109","1","Q4","0.23","24.35"%,
"YONAGO ACTA MEDICA","YONAGO ACTA MED","TOTTORI UNIV MEDICAL PRESS","0513-5710","1346-8049","MEDICINE, RESEARCH & EXPERIMENTAL","SCIE","577","1","Q4","0.21","100"%,
"REVUE DE MEDECINE INTERNE","REV MED INTERNE","ELSEVIER FRANCE-EDITIONS SCIENTIFIQUES MEDICALES ELSEVIER","0248-8663","N/A","MEDICINE, GENERAL & INTERNAL","SCIE","1,217","1","Q3","0.18","23.37"%,
"Sovremennye Tehnologii v Medicine","SOVREM TEHNOL MED","NIZHNIY NOVGOROD STATE MEDICAL ACAD","2076-4243","2076-4243","MEDICINE, RESEARCH & EXPERIMENTAL","ESCI","430","1","Q4","0.16","100"%,
"Journal of Medical Science","J MED SCI-POLAND","POZNAN UNIV MEDICAL SCIENCES","2353-9798","2353-9801","MEDICINE, GENERAL & INTERNAL","ESCI","235","1","Q3","0.15","92.08"%,
"Journal of Medical Science","J MED SCI-POLAND","POZNAN UNIV MEDICAL SCIENCES","2353-9798","2353-9801","MEDICINE, RESEARCH & EXPERIMENTAL","ESCI","235","1","Q4","0.15","92.08"%,
"Imaging","IMAGING","AKADEMIAI KIADO ZRT","N/A","2732-0960","MEDICINE, GENERAL & INTERNAL","ESCI","110","1","Q3","0.11","100"%,
"MEDICAL PROBLEMS OF PERFORMING ARTISTS","MED PROBL PERFORM AR","SCIENCE & MEDICINE INC","0885-1158","1938-2766","MEDICINE, GENERAL & INTERNAL","SCIE","839","0.9","Q3","1.88","4.92"%,
"African Health Sciences","AFR HEALTH SCI","MAKERERE UNIV, COLL HEALTH SCIENCES,SCH MED","1680-6905","1729-0503","MEDICINE, GENERAL & INTERNAL","SCIE","4,369","0.9","Q3","0.41","99.21"%,
"WIENER MEDIZINISCHE WOCHENSCHRIFT","WIEN MED WOCHENSCHR","SPRINGER WIEN","0043-5341","1563-258X","MEDICINE, GENERAL & INTERNAL","ESCI","1,162","0.9","Q3","0.41","43.24"%,
"Fukushima Journal of Medical Science","FUKUSHIMA J MED SCI","FUKUSHIMA SOC MEDICAL SCIENCE","0016-2590","2185-4610","MEDICINE, GENERAL & INTERNAL","ESCI","310","0.9","Q3","0.33","61.45"%,
"Nigerian Journal of Clinical Practice","NIGER J CLIN PRACT","WOLTERS KLUWER MEDKNOW PUBLICATIONS","1119-3077","2229-7731","MEDICINE, GENERAL & INTERNAL","SCIE","3,106","0.9","Q3","0.29","100"%,
"JAAPA-Journal of the American Academy of Physician Assistants","JAAPA-J AM ACAD PHYS","LIPPINCOTT WILLIAMS & WILKINS","1547-1896","0893-7400","MEDICINE, GENERAL & INTERNAL","SCIE","1,128","0.9","Q3","0.24","2.69"%,
"SOUTHERN MEDICAL JOURNAL","SOUTH MED J","LIPPINCOTT WILLIAMS & WILKINS","0038-4348","1541-8243","MEDICINE, GENERAL & INTERNAL","SCIE","3,509","0.9","Q3","0.24","0.62"%,
"Clinical and Investigative Medicine","CLIN INVEST MED","CANADIAN SOC CLINICAL INVESTIGATION","0147-958X","1488-2353","MEDICINE, RESEARCH & EXPERIMENTAL","SCIE","843","0.9","Q4","0.21","0"%,
"Therapeutic Hypothermia and Temperature Management","THER HYPOTHERMIA TEM","SAGE PUBLICATIONS INC","2153-7658","2153-7933","CRITICAL CARE MEDICINE","SCIE","330","0.9","Q4","0.21","9.38"%,
"Ibnosina Journal of Medicine and Biomedical Sciences","IBNOSINA J MED BIOME","THIEME MEDICAL PUBL INC","1947-489X","1947-489X","MEDICINE, GENERAL & INTERNAL","ESCI","178","0.9","Q3","0.2","100"%,
"Indonesian Biomedical Journal","INDONES BIOMED J","PRODIA EDUCATION & RESEARCH INST","2355-9179","2355-9179","MEDICINE, RESEARCH & EXPERIMENTAL","ESCI","380","0.9","Q4","0.2","97.75"%,
"Dubai Medical Journal","DUBAI MED J","KNOWLEDGE E","N/A","2571-726X","MEDICINE, GENERAL & INTERNAL","ESCI","192","0.9","Q3","0.19","99.14"%,
"Ewha Medical Journal","EWHA MED J","EWHA WOMANS UNIV SCH MEDICINE","2234-3180","2234-2591","MEDICINE, GENERAL & INTERNAL","ESCI","204","0.9","Q3","0.19","84.72"%,
"JOURNAL OF MEDICAL INVESTIGATION","J MED INVESTIG","UNIV TOKUSHIMA SCH MEDICINE","1343-1420","1349-6867","MEDICINE, RESEARCH & EXPERIMENTAL","ESCI","986","0.9","Q4","0.18","51.43"%,
"Agri-The Journal of the Turkish Society of Algology","AGRI","KARE PUBL","1300-0012","1300-0012","MEDICINE, GENERAL & INTERNAL","ESCI","454","0.8","Q3","0.3","99.13"%,
"Canadian Journal of Rural Medicine","CAN J RURAL MED","WOLTERS KLUWER MEDKNOW PUBLICATIONS","1203-7796","1488-237X","MEDICINE, GENERAL & INTERNAL","ESCI","297","0.8","Q3","0.29","80"%,
"Bangladesh Journal of Medical Science","BANGLADESH J MED SCI","IBN SINA TRUST","2223-4721","2076-0299","MEDICINE, GENERAL & INTERNAL","ESCI","796","0.8","Q3","0.26","87.02"%,
"Journal of Medical Case Reports","J MED CASE REP","BMC","N/A","1752-1947","MEDICINE, GENERAL & INTERNAL","ESCI","4,940","0.8","Q3","0.26","100"%,
"Journal of Trauma Nursing","J TRAUMA NURS","LIPPINCOTT WILLIAMS & WILKINS","1078-7496","1932-3883","CRITICAL CARE MEDICINE","SCIE","773","0.8","Q4","0.26","4.69"%,
"American Journal of Case Reports","AM J CASE REP","INT SCIENTIFIC INFORMATION, INC","N/A","1941-5923","MEDICINE, GENERAL & INTERNAL","ESCI","3,246","0.8","Q3","0.25","87.67"%,
"ISRAEL MEDICAL ASSOCIATION JOURNAL","ISR MED ASSOC J","ISRAEL MEDICAL ASSOC JOURNAL","1565-1088","1565-1088","MEDICINE, GENERAL & INTERNAL","SCIE","2,247","0.8","Q3","0.24","0"%,
"Aerospace Medicine and Human Performance","AEROSP MED HUM PERF","AEROSPACE MEDICAL ASSOC","2375-6314","2375-6322","MEDICINE, RESEARCH & EXPERIMENTAL","SCIE","1,338","0.8","Q4","0.23","6.07"%,
"Nagoya Journal of Medical Science","NAGOYA J MED SCI","NAGOYA UNIV, SCH MED","0027-7622","2186-3326","MEDICINE, RESEARCH & EXPERIMENTAL","SCIE","1,012","0.8","Q4","0.2","0"%,
"Medwave","MEDWAVE","MEDWAVE ESTUDIOS LTD","0717-6384","0717-6384","MEDICINE, GENERAL & INTERNAL","ESCI","522","0.8","Q3","0.19","91.14"%,
"Scientia Medica","SCI MED","EDITORA PUCRS","1806-5562","1980-6108","MEDICINE, GENERAL & INTERNAL","ESCI","165","0.8","Q3","0.17","100"%,
"ACTA MEDICA OKAYAMA","ACTA MED OKAYAMA","OKAYAMA UNIV MED SCHOOL","0386-300X","0386-300X","MEDICINE, RESEARCH & EXPERIMENTAL","SCIE","961","0.8","Q4","0.16","0"%,
"BIOMEDICAL PAPERS-OLOMOUC","BIOMED PAP","PALACKY UNIV, MEDICAL FAC","1213-8118","1804-7521","MEDICINE, RESEARCH & EXPERIMENTAL","SCIE","1,310","0.8","Q4","0.16","100"%,
"JOURNAL OF THE PAKISTAN MEDICAL ASSOCIATION","J PAK MED ASSOC","PAKISTAN MEDICAL ASSOC","0030-9982","0030-9982","MEDICINE, GENERAL & INTERNAL","SCIE","5,183","0.8","Q3","0.16","96.81"%,
"JOURNAL OF THE PAKISTAN MEDICAL ASSOCIATION","J PAK MED ASSOC","PAKISTAN MEDICAL ASSOC","0030-9982","0030-9982","MEDICINE, RESEARCH & EXPERIMENTAL","SCIE","5,183","0.8","Q4","0.16","96.81"%,
"AME Medical Journal","AME MED J","AME PUBLISHING COMPANY","N/A","2520-0518","MEDICINE, GENERAL & INTERNAL","ESCI","293","0.8","Q3","0.15","100"%,
"ANASTHESIOLOGIE & INTENSIVMEDIZIN","ANASTH INTENSIVMED","AKTIV DRUCK & VERLAG GMBH","0170-5334","1439-0256","CRITICAL CARE MEDICINE","SCIE","323","0.8","Q4","0.14","0"%,
"Open Access Journal of Clinical Trials","OPEN ACCESS J CLIN T","DOVE MEDICAL PRESS LTD","1179-1519","1179-1519","MEDICINE, RESEARCH & EXPERIMENTAL","ESCI","110","0.8","Q4","0.14","100"%,
"KEIO JOURNAL OF MEDICINE","KEIO J MED","KEIO JOURNAL MEDICINE","0022-9717","1880-1293","MEDICINE, RESEARCH & EXPERIMENTAL","ESCI","449","0.8","Q4","0.13","79.03"%,
"PERSPECTIVES IN BIOLOGY AND MEDICINE","PERSPECT BIOL MED","JOHNS HOPKINS UNIV PRESS","0031-5982","1529-8795","MEDICINE, RESEARCH & EXPERIMENTAL","SCIE","1,297","0.7","Q4","0.39","0"%,
"International Medical Case Reports Journal","INT MED CASE REP J","DOVE MEDICAL PRESS LTD","1179-142X","1179-142X","MEDICINE, GENERAL & INTERNAL","ESCI","705","0.7","Q3","0.23","99.24"%,
"Journal of Investigative Medicine High Impact Case Reports","J INVEST MED HIGH IM","SAGE PUBLICATIONS LTD","2324-7096","2324-7096","MEDICINE, GENERAL & INTERNAL","ESCI","880","0.7","Q3","0.23","100"%,
"JRSM Open","JRSM OPEN","SAGE PUBLICATIONS INC","2054-2704","2054-2704","MEDICINE, GENERAL & INTERNAL","ESCI","260","0.7","Q3","0.23","100"%,
"Alexandria Journal of Medicine","ALEX J MED","TAYLOR & FRANCIS LTD","2090-5068","2090-5076","MEDICINE, GENERAL & INTERNAL","ESCI","1,144","0.7","Q3","0.2","100"%,
"AIMS Medical Science","AIMS MED SCI","AMER INST MATHEMATICAL SCIENCES-AIMS","2375-1576","2375-1576","MEDICINE, RESEARCH & EXPERIMENTAL","ESCI","152","0.7","Q4","0.19","100"%,
"Archive of Clinical Cases","ARCH CLIN CASES","GRIGORE T POPA UNIV MEDICINE AND PHARMACY IASI","N/A","2360-6975","MEDICINE, GENERAL & INTERNAL","ESCI","128","0.7","Q3","0.19","100"%,
"BULLETIN OF EXPERIMENTAL BIOLOGY AND MEDICINE","B EXP BIOL MED+","SPRINGER","0007-4888","1573-8221","MEDICINE, RESEARCH & EXPERIMENTAL","SCIE","3,019","0.7","Q4","0.18","0.12"%,
"Medical Studies-Studia Medyczne","MED STUD","TERMEDIA PUBLISHING HOUSE LTD","1899-1874","2300-6722","MEDICINE, GENERAL & INTERNAL","ESCI","226","0.7","Q3","0.17","98.62"%,
"DEUTSCHE MEDIZINISCHE WOCHENSCHRIFT","DEUT MED WOCHENSCHR","GEORG THIEME VERLAG KG","0012-0472","1439-4413","MEDICINE, GENERAL & INTERNAL","SCIE","1,680","0.7","Q3","0.15","9.89"%,
"British Columbia Medical Journal","B C MED J","BRITISH COLUMBIA MEDICAL ASSOCIATION","0007-0556","0007-0556","MEDICINE, GENERAL & INTERNAL","ESCI","215","0.7","Q3","0.14","0"%,
"Current Issues in Pharmacy and Medical Sciences","CURR ISS PHARM MED S","Uniwersytet Medyczny Lublinie","2084-980X","2300-6676","MEDICINE, GENERAL & INTERNAL","ESCI","278","0.7","Q3","0.14","100"%,
"European Journal of Therapeutics","EUR J THER-ISTANBUL","Pera Yayincilik Hizmetleri","2564-7784","2564-7040","MEDICINE, GENERAL & INTERNAL","ESCI","267","0.7","Q3","0.14","99.62"%,
"International Journal of Noncommunicable Diseases","INT J NONCOMMUN DIS","WOLTERS KLUWER MEDKNOW PUBLICATIONS","2468-8827","2468-8835","MEDICINE, GENERAL & INTERNAL","ESCI","216","0.7","Q3","0.14","100"%,
"Galen Medical Journal","GALEN MED J","SALVIA MEDICAL SCIENCES LTD","2588-2767","2322-2379","MEDICINE, RESEARCH & EXPERIMENTAL","ESCI","553","0.7","Q4","0.11","65.26"%,
"Russian Open Medical Journal","RUSS OPEN MED J","SCIENCE & INNOVATION, LTD","2304-3415","2304-3415","MEDICINE, GENERAL & INTERNAL","ESCI","207","0.7","Q3","0.1","100"%,
"Journal of Laboratory Physicians","J LAB PHYS","SCIENTIFIC SCHOLAR LLC","0974-2727","0974-7826","MEDICINE, GENERAL & INTERNAL","ESCI","1,133","0.6","Q3","0.24","95.81"%,
"SAGE Open Medical Case Reports","SAGE OPEN MED CASE R","SAGE PUBLICATIONS INC","2050-313X","2050-313X","MEDICINE, GENERAL & INTERNAL","ESCI","1,339","0.6","Q3","0.21","100"%,
"Acta Medica Lituanica","ACTA MED LITUANICA","VILNIUS UNIV PRESS","1392-0138","2029-4174","MEDICINE, GENERAL & INTERNAL","ESCI","243","0.6","Q3","0.19","97.5"%,
"AME Case Reports","AME CASE REP","AME PUBLISHING COMPANY","2523-1995","2523-1995","MEDICINE, GENERAL & INTERNAL","ESCI","240","0.6","Q3","0.19","98.44"%,
"Clinical Case Reports","CLIN CASE REP","WILEY","2050-0904","2050-0904","MEDICINE, GENERAL & INTERNAL","ESCI","4,736","0.6","Q3","0.19","100"%,
"Clinical Medicine Insights-Case Reports","CLIN MED INSIGHT-CAS","SAGE PUBLICATIONS LTD","1179-5476","1179-5476","MEDICINE, GENERAL & INTERNAL","ESCI","334","0.6","Q3","0.18","100"%,
"Journal of Community Hospital Internal Medicine Perspectives","J COMM HOSP INT MED","DIGITAL COMMONS BEPRESS","2000-9666","2000-9666","MEDICINE, GENERAL & INTERNAL","ESCI","1,081","0.6","Q3","0.17","99.74"%,
"Crescent Journal of Medical and Biological Sciences","CRESCENT J MED BIOL","ARAS PART MEDICAL INT PRESS","2148-9696","2148-9696","MEDICINE, GENERAL & INTERNAL","ESCI","256","0.6","Q3","0.16","4.65"%,
"International Journal of Academic Medicine","INT J ACAD MED","WOLTERS KLUWER MEDKNOW PUBLICATIONS","N/A","2455-5568","MEDICINE, GENERAL & INTERNAL","ESCI","221","0.6","Q3","0.16","90.16"%,
"Acta Medica Indonesiana","ACTA MED INDONES","UNIV INDONESIA, FAC MEDICINE","0125-9326","2338-2732","MEDICINE, GENERAL & INTERNAL","ESCI","762","0.6","Q3","0.15","0"%,
"Oxford Medical Case Reports","OXF MED CASE REP","OXFORD UNIV PRESS","2053-8855","2053-8855","MEDICINE, GENERAL & INTERNAL","ESCI","677","0.6","Q3","0.15","98.64"%,
"Precision Medical Sciences","PRECIS MED SCI","WILEY","2642-2514","2642-2514","MEDICINE, RESEARCH & EXPERIMENTAL","ESCI","85","0.6","Q4","0.14","100"%,
"Biomedical Research and Therapy","BIOMED RES THER","BIOMEDPRESS","2198-4093","2198-4093","MEDICINE, RESEARCH & EXPERIMENTAL","ESCI","577","0.6","Q4","0.13","97.92"%,
"MEDICINA-BUENOS AIRES","MEDICINA-BUENOS AIRE","MEDICINA (BUENOS AIRES)","0025-7680","1669-9106","MEDICINE, GENERAL & INTERNAL","SCIE","945","0.6","Q3","0.13","0"%,
"Undersea and Hyperbaric Medicine","UNDERSEA HYPERBAR M","UNDERSEA & HYPERBARIC MEDICAL SOC INC","1066-2936","N/A","MEDICINE, RESEARCH & EXPERIMENTAL","SCIE","949","0.6","Q4","0.13","0"%,
"Klimik Journal","KLIMIK J","DOC DESIGN INFORMATICS CO LTD","1301-143X","1309-1484","MEDICINE, GENERAL & INTERNAL","ESCI","237","0.6","Q3","0.1","94.12"%,
"Sudan Journal of Medical Sciences","SUDAN J MED SCI","KNOWLEDGE E","N/A","1858-5051","MEDICINE, GENERAL & INTERNAL","ESCI","233","0.6","Q3","0.1","98.52"%,
"International Journal of Clinical and Experimental Medicine","INT J CLIN EXP MED","E-CENTURY PUBLISHING CORP","1940-5901","1940-5901","MEDICINE, RESEARCH & EXPERIMENTAL","ESCI","5,041","0.6","Q4","0.03","3.41"%,
"Precision and Future Medicine","PRECIS FUTURE MED","SUNGKYUNKWAN UNIV SCH MEDICINE","2508-7940","2508-7959","MEDICINE, GENERAL & INTERNAL","ESCI","220","0.5","Q3","0.46","100"%,
"Journal of Medical Cases","J MED CASES","ELMER PRESS INC","1923-4155","1923-4163","MEDICINE, GENERAL & INTERNAL","ESCI","409","0.5","Q3","0.24","99.55"%,
"Acta Clinica Croatica","ACTA CLIN CROAT","SESTRE MILOSRDNICE UNIV HOSPITAL","0353-9466","1333-9451","MEDICINE, GENERAL & INTERNAL","SCIE","1,703","0.5","Q3","0.22","96.18"%,
"MEDICINA DELLO SPORT","MED SPORT","EDIZIONI MINERVA MEDICA","0025-7826","1827-1863","MEDICINE, GENERAL & INTERNAL","SCIE","264","0.5","Q3","0.21","0"%,
"ANASTHESIOLOGIE INTENSIVMEDIZIN NOTFALLMEDIZIN SCHMERZTHERAPIE","ANASTH INTENSIV NOTF","GEORG THIEME VERLAG KG","0939-2661","1439-1074","CRITICAL CARE MEDICINE","SCIE","411","0.5","Q4","0.19","0"%,
"Reports-Clinical Practice and Surgical Cases","REPORTS-BASEL","MDPI","2571-841X","2571-841X","MEDICINE, GENERAL & INTERNAL","ESCI","189","0.5","Q3","0.18","100"%,
"Journal of Military and Veterans Health","J MIL VETERANS HEALT","AUSTRALASIAN MILITARY MEDICINE ASSOC","1835-1271","1839-2733","MEDICINE, GENERAL & INTERNAL","ESCI","181","0.5","Q3","0.17","0"%,
"Journal of Pioneering Medical Sciences","J PIONEER MED SCI","JPMS PUBL","2309-7981","2309-7981","MEDICINE, GENERAL & INTERNAL","ESCI","190","0.5","Q3","0.16","74.57"%,
"Innere Medizin","INNERE MED","SPRINGER MEDIZIN VERLAG GmBH","2731-7080","2731-7099","MEDICINE, GENERAL & INTERNAL","SCIE","633","0.5","Q3","0.14","17.12"%,
"Journal of Health and Allied Sciences NU","J HLTH ALL SCI-INDIA","SCIENTIFIC SCHOLAR LLC","2582-4287","2582-4953","MEDICINE, GENERAL & INTERNAL","ESCI","222","0.5","Q3","0.14","93.23"%,
"Proceedings of Singapore Healthcare","PROC SINGAP HEALTHC","SAGE PUBLICATIONS INC","2010-1058","2059-2329","MEDICINE, GENERAL & INTERNAL","ESCI","418","0.5","Q3","0.14","99.32"%,
"Bezmialem Science","BEZMIALEM SCI","GALENOS PUBL HOUSE","2148-2373","2148-2373","MEDICINE, GENERAL & INTERNAL","ESCI","269","0.5","Q3","0.13","100"%,
"Galician Medical Journal","GALICIAN MED J","IVANO-FRANKIVSK NATL MEDICAL UNIV","2306-4285","2414-1518","MEDICINE, GENERAL & INTERNAL","ESCI","70","0.5","Q3","0.12","98.84"%,
"Duzce Medical Journal","DUZCE MED J","DUZCE UNIV, FAC MEDICINE","N/A","1307-671X","MEDICINE, GENERAL & INTERNAL","ESCI","155","0.5","Q3","0.11","98.88"%,
"Journal of the Korean Medical Association","J KOREAN MED ASSOC","KOREAN MEDICAL ASSOC","1975-8456","2093-5951","MEDICINE, GENERAL & INTERNAL","ESCI","644","0.5","Q3","0.11","100"%,
"Clinical and Experimental Health Sciences","CLIN EXP HEALTH SCI","MARMARA UNIV, INST HEALTH SCIENCES","2459-1459","2459-1459","MEDICINE, RESEARCH & EXPERIMENTAL","ESCI","516","0.5","Q4","0.1","0.76"%,
"Journal of Academic Research in Medicine-JAREM","J ACAD RES MED","GALENOS PUBL HOUSE","2146-6505","2147-1894","MEDICINE, GENERAL & INTERNAL","ESCI","93","0.5","Q3","0.09","100"%,
"Journal of Acute Disease","J ACUTE DIS","WOLTERS KLUWER MEDKNOW PUBLICATIONS","2221-6189","2589-5516","CRITICAL CARE MEDICINE","ESCI","392","0.5","Q4","0.09","100"%,
"M S-MEDECINE SCIENCES","M S-MED SCI","EDP SCIENCES S A","0767-0974","1958-5381","MEDICINE, RESEARCH & EXPERIMENTAL","SCIE","1,094","0.5","Q4","0.09","68.52"%,
"Journal of Translational Critical Care Medicine","J TRANSL CRIT CARE M","LIPPINCOTT WILLIAMS & WILKINS","2665-9190","2590-3438","CRITICAL CARE MEDICINE","ESCI","33","0.5","Q4","0.06","90.14"%,
"University of Toronto Medical Journal","UNIV TOR MED J","UNIV TORONTO, MEDICAL SOC","0833-2207","1913-5440","MEDICINE, GENERAL & INTERNAL","ESCI","49","0.5","Q3","0.04","14.29"%,
"BMJ Case Reports","BMJ CASE REP","BMJ PUBLISHING GROUP","N/A","1757-790X","MEDICINE, GENERAL & INTERNAL","ESCI","11,983","0.4","Q4","0.15","8.14"%,
"Laeknabladid","LAEKNABLADID","LAEKNAFELAG ISLANDS-ICELANDIC MEDICAL ASSOC","0023-7213","1670-4959","MEDICINE, GENERAL & INTERNAL","SCIE","199","0.4","Q4","0.14","75.58"%,
"ANNALES DE BIOLOGIE CLINIQUE","ANN BIOL CLIN-PARIS","JLE","0003-3898","1950-6112","MEDICINE, RESEARCH & EXPERIMENTAL","SCIE","592","0.4","Q4","0.13","2.27"%,
"Journal of Krishna Institute of Medical Sciences University","J KRISHNA INST MED S","KRISHNA INST MEDICAL SCIENCES UNIV","2231-4261","2231-4261","MEDICINE, GENERAL & INTERNAL","ESCI","266","0.4","Q4","0.12","0"%,
"Revista Romana de Medicina de Laborator","REV ROMANA MED LAB","Paradigm Publishing Services-De Gruyter Brill Sp Zoo","1841-6624","2284-5623","MEDICINE, RESEARCH & EXPERIMENTAL","SCIE","175","0.4","Q4","0.12","100"%,
"European Journal of Translational and Clinical Medicine","EUR J TRANSL CLIN ME","MEDICAL UNIV GDANSK","2657-3148","2657-3156","MEDICINE, GENERAL & INTERNAL","ESCI","38","0.4","Q4","0.11","100"%,
"Hippokratia","HIPPOKRATIA","LITHOGRAPHIA","1108-4189","1108-4189","MEDICINE, GENERAL & INTERNAL","SCIE","1,000","0.4","Q4","0.11","0"%,
"Journal of Clinical Practice and Research","J CLIN PRACT RES","ERCIYES UNIV SCH MEDICINE","N/A","2980-2156","MEDICINE, GENERAL & INTERNAL","ESCI","93","0.4","Q4","0.11","100"%,
"Konuralp Tip Dergisi","KONURALP TIP DERG","DUZCE UNIV, FAC MEDICINE","1309-3878","1309-3878","MEDICINE, GENERAL & INTERNAL","ESCI","210","0.4","Q4","0.11","96.64"%,
"Bahrain Medical Bulletin","BAHRAIN MED B","BAHRAIN MEDICAL BULLETIN","1012-8298","1012-8298","MEDICINE, GENERAL & INTERNAL","ESCI","266","0.4","Q4","0.1","0"%,
"Journal of Contemporary Medical Sciences","J CONTEMP MED SCI","NABA AL-HAYAT FOUNDATION MEDICAL SCIENCES & HEALTH CARE","2413-0516","2413-0516","MEDICINE, GENERAL & INTERNAL","ESCI","205","0.4","Q4","0.1","78.04"%,
"Marmara Medical Journal","MARMARA MED J","MARMARA UNIV, FAC MEDICINE","1309-9469","1309-9469","MEDICINE, GENERAL & INTERNAL","ESCI","214","0.4","Q4","0.1","94.87"%,
"Namik Kemal Medical Journal","NAMIK KEMAL MED J","GALENOS PUBL HOUSE","N/A","2587-0262","MEDICINE, GENERAL & INTERNAL","ESCI","98","0.4","Q4","0.1","98.79"%,
"REVISTA MEDICA DE CHILE","REV MED CHILE","SOC MEDICA SANTIAGO","0034-9887","0717-6163","MEDICINE, GENERAL & INTERNAL","SCIE","2,038","0.4","Q4","0.09","81.38"%,
"IIUM Medical Journal Malaysia","IIUM MED J MALAYSIA","INT ISLAMIC UNIV MALAYSIA, KULLIYYAH MEDICINE","1823-4631","2735-2285","MEDICINE, GENERAL & INTERNAL","ESCI","204","0.4","Q4","0.08","34.11"%,
"Italian Journal of Medicine","ITAL J MED","PAGEPRESS PUBL","1877-9344","1877-9352","MEDICINE, GENERAL & INTERNAL","ESCI","168","0.4","Q4","0.08","100"%,
"Cyprus Journal of Medical Sciences","CYPRUS J MED SCI","GALENOS PUBL HOUSE","2149-7893","2536-507X","MEDICINE, RESEARCH & EXPERIMENTAL","ESCI","186","0.4","Q4","0.07","100"%,
"Indian Journal of Medical Specialities","INDIAN J MED SPEC","WOLTERS KLUWER MEDKNOW PUBLICATIONS","0976-2884","0976-2892","MEDICINE, GENERAL & INTERNAL","ESCI","275","0.4","Q4","0.07","100"%,
"Postepy Higieny I Medycyny Doswiadczalnej","POSTEP HIG MED DOSW","POLISH ACAD SCIENCES, INST IMMUNOL & EXP THERAPY","0032-5449","1732-2693","MEDICINE, RESEARCH & EXPERIMENTAL","SCIE","1,126","0.4","Q4","0.06","100"%,
"Current Medicine Research and Practice","CURR MED RES PRACT","WOLTERS KLUWER MEDKNOW PUBLICATIONS","2352-0817","2352-0825","MEDICINE, GENERAL & INTERNAL","ESCI","310","0.4","Q4","0.05","100"%,
"INVESTIGACION CLINICA","INVEST CLIN","INST INVESTIGACION CLINICA","0535-5133","2477-9393","MEDICINE, RESEARCH & EXPERIMENTAL","SCIE","182","0.4","Q4","0.05","1.72"%,
"Revista Medica del Uruguay","REV MED URUG","SINDICATO MEDICO URUGUAY","0303-3295","1688-0390","MEDICINE, GENERAL & INTERNAL","ESCI","112","0.4","Q4","0.04","95.73"%,
"Haseki TIp Bulteni-Medical Bulletin of Haseki","HASEKI TIP BULTENI","GALENOS PUBL HOUSE","1302-0072","2147-2688","MEDICINE, GENERAL & INTERNAL","ESCI","150","0.3","Q4","0.1","100"%,
"Medical Journal of Indonesia","MED J INDONES","UNIV INDONESIA, FAC MEDICINE","0853-1773","2252-8083","MEDICINE, GENERAL & INTERNAL","ESCI","314","0.3","Q4","0.1","98.29"%,
"Universa Medicina","UNIVERSA MED","TRISAKTI UNIV, FAC MEDICINE","1907-3062","2407-2230","MEDICINE, GENERAL & INTERNAL","ESCI","121","0.3","Q4","0.1","58.25"%,
"Romanian Journal of Military Medicine","ROM J MIL MED","CAROL DAVILA UNIV MEDICINE & PHARMACY PUBL","1222-5126","2501-2312","MEDICINE, GENERAL & INTERNAL","ESCI","153","0.3","Q4","0.09","100"%,
"Journal of Clinical Sciences","J CLIN SCI","WOLTERS KLUWER MEDKNOW PUBLICATIONS","2468-6859","2408-7408","MEDICINE, GENERAL & INTERNAL","ESCI","100","0.3","Q4","0.08","89.36"%,
"Nigerian Journal of Basic and Clinical Sciences","NIGERIAN J BASIC CLI","WOLTERS KLUWER MEDKNOW PUBLICATIONS","0331-8540","2320-477X","MEDICINE, GENERAL & INTERNAL","ESCI","92","0.3","Q4","0.08","100"%,
"TERAPEVTICHESKII ARKHIV","TERAPEVT ARKH","CJSC CONSILIUM MEDICUM","0040-3660","2309-5342","MEDICINE, GENERAL & INTERNAL","SCIE","754","0.3","Q4","0.08","98.93"%,
"BULLETIN DE L ACADEMIE NATIONALE DE MEDECINE","B ACAD NAT MED PARIS","ELSEVIER MASSON SAS EDITEUR","0001-4079","2271-4820","MEDICINE, GENERAL & INTERNAL","SCIE","468","0.3","Q4","0.07","3.67"%,
"Cukurova Medical Journal","CUKUROVA MED J","CUKUROVA UNIV, FAC MEDICINE","2602-3032","2602-3040","MEDICINE, GENERAL & INTERNAL","ESCI","621","0.3","Q4","0.07","96.36"%,
"Journal of Istanbul Faculty of Medicine-Istanbul Tip Fakultesi Dergisi","J ISTANB FAC MED","ISTANBUL UNIV, FAC MEDICINE, PUBL OFF","N/A","1305-6441","MEDICINE, GENERAL & INTERNAL","ESCI","123","0.3","Q4","0.07","98.68"%,
"Journal of the Scientific Society","J SCI SOC","WOLTERS KLUWER MEDKNOW PUBLICATIONS","0974-5009","2278-7127","MEDICINE, GENERAL & INTERNAL","ESCI","187","0.3","Q4","0.07","100"%,
"Meandros Medical and Dental Journal","MEAND MED DENT J","GALENOS PUBL HOUSE","2149-9063","2149-9063","MEDICINE, GENERAL & INTERNAL","ESCI","125","0.3","Q4","0.07","98.77"%,
"Medicni Perspektivi","MED PERSPEKTIVI","Dnipro State Medical Univ","2307-0404","2786-4804","MEDICINE, GENERAL & INTERNAL","ESCI","128","0.3","Q4","0.07","100"%,
"International Journal of Biomedicine","INT J BIOMED","INT MEDICAL RESEARCH & DEVELOPMENT CORP","2158-0510","2158-0529","MEDICINE, RESEARCH & EXPERIMENTAL","ESCI","179","0.3","Q4","0.06","97.89"%,
"International Journal of Medicine and Health Development","INT J MED HEALTH DEV","WOLTERS KLUWER MEDKNOW PUBLICATIONS","2635-3695","2667-2863","MEDICINE, GENERAL & INTERNAL","ESCI","79","0.3","Q4","0.06","78.74"%,
"Journal of Critical & Intensive Care","J CRIT INTENS CARE","Soc Turkish Intensivists - STI","2717-6428","2717-6428","CRITICAL CARE MEDICINE","ESCI","32","0.3","Q4","0.06","94.74"%,
"Khyber Medical University Journal-KMUJ","KHYBER MED U J","KHYBER MEDICAL UNIV","2305-2643","2305-2651","MEDICINE, GENERAL & INTERNAL","ESCI","130","0.3","Q4","0.06","98.76"%,
"Makara Journal of Health Research","MAKARA J HEALTH RES","UNIV INDONESIA","2356-3664","2356-3656","MEDICINE, RESEARCH & EXPERIMENTAL","ESCI","134","0.3","Q4","0.06","88.89"%,
"New Armenian Medical Journal","NEW ARMEN MED J","YEREVAN STATE MEDICAL UNIV","1829-0825","1829-0825","MEDICINE, GENERAL & INTERNAL","ESCI","99","0.3","Q4","0.06","0"%,
"Turkish Journal of Intensive Care-Turk Yogun Bakim Dergisi","TURK J INTENS CARE","GALENOS PUBL HOUSE","2602-2974","2602-2974","CRITICAL CARE MEDICINE","ESCI","84","0.3","Q4","0.06","100"%,
"Experimed","EXPERIMED","ISTANBUL UNIV","N/A","2667-5846","MEDICINE, RESEARCH & EXPERIMENTAL","ESCI","55","0.3","Q4","0.05","100"%,
"Viral Hepatit Dergisi-Viral Hepatitis Journal","VIRAL HEPAT DERG","GALENOS PUBL HOUSE","1307-9441","2147-2939","MEDICINE, GENERAL & INTERNAL","ESCI","76","0.3","Q4","0.05","100"%,
"Medicine and Health","MED HEALTH-KUALA LUM","UNIV KEBANGSAAN MALAYSIA, FAC MEDICINE","N/A","2289-5728","MEDICINE, GENERAL & INTERNAL","ESCI","155","0.3","Q4","0.04","100"%,
"Revista Medica Clinica Las Condes","REV MED CLIN CONDES","ELSEVIER","N/A","0716-8640","MEDICINE, GENERAL & INTERNAL","ESCI","362","0.2","Q4","0.09","98.9"%,
"Srpski Arhiv za Celokupno Lekarstvo","SRP ARK CELOK LEK","SRPSKO LEKARSKO DRUSTVO","0370-8179","0370-8179","MEDICINE, GENERAL & INTERNAL","SCIE","553","0.2","Q4","0.07","96.35"%,
"THERAPEUTISCHE UMSCHAU","THER UMSCH","Aerzteverlag medinfo AG","0040-5930","1664-2864","MEDICINE, GENERAL & INTERNAL","ESCI","228","0.2","Q4","0.07","0"%,
"Vojnosanitetski Pregled","VOJNOSANIT PREGL","MILITARY MEDICAL ACAD-INI","0042-8450","2406-0720","MEDICINE, GENERAL & INTERNAL","SCIE","783","0.2","Q4","0.07","99.69"%,
"Egyptian Journal of Critical Care Medicine","EGYPT J CRIT CARE ME","SPRINGER","2090-7303","2090-9209","CRITICAL CARE MEDICINE","ESCI","73","0.2","Q4","0.06","73.33"%,
"Gazi Medical Journal","GAZI MED J","GALENOS PUBL HOUSE","2147-2092","2147-2092","MEDICINE, GENERAL & INTERNAL","ESCI","186","0.2","Q4","0.06","92"%,
"Iranian Red Crescent Medical Journal","IRAN RED CRESCENT ME","Dubai Iranian Hosp","2074-1804","2074-1812","MEDICINE, GENERAL & INTERNAL","SCIE","2,057","0.2","Q4","0.06","36.13"%,
"Istanbul Medical Journal","ISTANB MED J","GALENOS PUBL HOUSE","2619-9793","2148-094X","MEDICINE, GENERAL & INTERNAL","ESCI","129","0.2","Q4","0.06","53.85"%,
"Journal of Clinical and Diagnostic Research","J CLIN DIAGN RES","PREMCHAND SHANTIDEVI RESEARCH FOUNDATION","2249-782X","0973-709X","MEDICINE, GENERAL & INTERNAL","ESCI","10,878","0.2","Q4","0.06","99.43"%,
"Journal of Head & Neck Physicians and Surgeons","J HEAD NECK PHYSICIA","WOLTERS KLUWER MEDKNOW PUBLICATIONS","2347-8128","2347-8128","MEDICINE, GENERAL & INTERNAL","ESCI","42","0.2","Q4","0.06","100"%,
"Journal of IMAB","J IMAB","Peytchinski Publishing Ltd","1312-773X","1312-773X","MEDICINE, GENERAL & INTERNAL","ESCI","299","0.2","Q4","0.06","74.94"%,
"Journal of Neuroanaesthesiology and Critical Care","J NEUROANAESTH CRIT","GEORG THIEME VERLAG KG","2348-0548","2348-926X","CRITICAL CARE MEDICINE","ESCI","121","0.2","Q4","0.06","100"%,
"Medical Journal of Bakirkoy","MED J BAKIRKOY","GALENOS PUBL HOUSE","1305-9319","1305-9327","MEDICINE, GENERAL & INTERNAL","ESCI","138","0.2","Q4","0.06","100"%,
"Medical-Surgical Journal-Revista Medico-Chirurgicala","MED-SURG J","SOC MEDICI NATURALISTI IASI- SOC PHYSICIAN NATURALISTS","0048-7848","2286-2560","MEDICINE, GENERAL & INTERNAL","ESCI","363","0.2","Q4","0.06","9.31"%,
"Physician Assistant Clinics","PHYS ASSIST CLIN","ELSEVIER INC","2405-7991","2405-7991","MEDICINE, GENERAL & INTERNAL","ESCI","83","0.2","Q4","0.06","0.62"%,
"Archives of Hellenic Medicine","ARCH HELL MED","ATHENS MEDICAL SOC","1105-3992","1105-3992","MEDICINE, GENERAL & INTERNAL","ESCI","128","0.2","Q4","0.05","0"%,
"Gomal Journal of Medical Sciences","GOMAL J MED SCI","GOMAL MEDICAL COLL","1819-7973","1997-2067","MEDICINE, GENERAL & INTERNAL","ESCI","104","0.2","Q4","0.05","0"%,
"World of Medicine and Biology","WORLD MED BIOL","SCIENTIFIC SOC ANATOMISTS HISTOLOGISTS & EMBRYOLOGISTS UKRAINE","2079-8334","2079-8334","MEDICINE, RESEARCH & EXPERIMENTAL","ESCI","172","0.2","Q4","0.05","94.26"%,
"Journal of Behcet Uz Childrens Hospital","J BEHCET UZ CHILD H","GALENOS PUBL HOUSE","N/A","2822-4469","MEDICINE, GENERAL & INTERNAL","ESCI","28","0.2","Q4","0.04","74.12"%,
"Annals of King Edward Medical University Lahore Pakistan","ANN KING EDWARD MED","RESEARCH & MEDICAL EDUCATION CENTRE","2079-7192","2079-0694","MEDICINE, GENERAL & INTERNAL","ESCI","185","0.2","Q4","0.03","84.38"%,
"CEYLON MEDICAL JOURNAL","CEYLON MED J","SRI LANKA MEDICAL ASSOC","0009-0875","0009-0875","MEDICINE, GENERAL & INTERNAL","ESCI","326","0.2","Q4","0.03","98.15"%,
"Exercer-La Revue Francophone de Medecine Generale","EXERCER","COLL NATL GENERALISTES ENSEIGNANTS","0998-3953","1961-9138","MEDICINE, GENERAL & INTERNAL","ESCI","359","0.2","Q4","0.01","1.38"%,
"Rawal Medical Journal","RAWAL MED J","PAKISTAN MEDICAL ASSOC","0303-5212","0303-5212","MEDICINE, GENERAL & INTERNAL","ESCI","376","0.1","Q4","0.12","0"%,
"Bali Medical Journal","BALI MED J","UNIV UDAYANA","2089-1180","2302-2914","MEDICINE, GENERAL & INTERNAL","ESCI","513","0.1","Q4","0.09","83.81"%,
"Acta Facultatis Medicae Naissensis","ACTA FAC MEDICAE NAI","UNIV NIS, FAC MEDICINE","0351-6083","2217-2521","MEDICINE, GENERAL & INTERNAL","ESCI","161","0.1","Q4","0.06","98.46"%,
"Bulletin of Russian State Medical University","B RUSS STATE MED U","PIROGOV RUSSIAN NATL RESEARCH MEDICAL UNIV","2500-1094","2542-1204","MEDICINE, GENERAL & INTERNAL","ESCI","109","0.1","Q4","0.06","99.53"%,
"Iatreia","IATREIA","UNIV ANTIOQUIA, FAC MED","0121-0793","2011-7965","MEDICINE, GENERAL & INTERNAL","ESCI","128","0.1","Q4","0.05","91.57"%,
"WEST INDIAN MEDICAL JOURNAL","W INDIAN MED J","UNIV WEST INDIES FACULTY MEDICAL SCIENCES","0043-3144","2309-5830","MEDICINE, GENERAL & INTERNAL","SCIE","628","0.1","Q4","0.05","0"%,
"Annals of Clinical and Analytical Medicine","ANN CLIN ANAL MED","BAYRAKOL MEDICAL PUBLISHER","N/A","2667-663X","MEDICINE, GENERAL & INTERNAL","ESCI","261","0.1","Q4","0.04","99.08"%,
"Byulleten Sibirskoy Meditsiny","BYULLETEN SIB MED","SIBERIAN STATE MEDICAL UNIV","1682-0363","1819-3684","MEDICINE, GENERAL & INTERNAL","ESCI","122","0.1","Q4","0.04","97.63"%,
"Duazary","DUAZARY","UNIV MAGDALENA","1794-5992","2389-783X","MEDICINE, GENERAL & INTERNAL","ESCI","80","0.1","Q4","0.04","98.99"%,
"Majalah Kedokteran Bandung","MAJ KEDOKT BDG-MKB","UNIV PADJADJARAN, FAKULTAS KEDOKTERAN, GEDUNG RUMAH SAKIT PENDIDIKAN","0126-074X","2338-6223","MEDICINE, GENERAL & INTERNAL","ESCI","55","0.1","Q4","0.04","95.62"%,
"Anales de la Facultad de Medicina-Universidad de la Republica Uruguay","AN FAC MED-UNIV REPU","UNIV REPUBLICA, FAC MEDICINA","2301-1254","2301-1254","MEDICINE, GENERAL & INTERNAL","ESCI","14","0.1","Q4","0.03","83.78"%,
"Annals Abbasi Shaheed Hospital & Karachi Medical & Dental College","ANN ABBASI SHAHEED H","ABBASI SHAHEED HOSPITAL & KARACHI MEDICAL & DENTAL COLL","1563-3241","1563-3241","MEDICINE, GENERAL & INTERNAL","ESCI","53","0.1","Q4","0.03","27.43"%,
"International Journal of Ayurvedic Medicine","INT J AYURVEDIC MED","AYURVEDA SAHITI PRABHA","0976-5921","0976-5921","MEDICINE, RESEARCH & EXPERIMENTAL","ESCI","197","0.1","Q4","0.03","60.45"%,
"Journal of the Dow University of Health Sciences","J DOW U HEALTH SCI","Dow Univ Health Sciences","1995-2198","2410-2180","MEDICINE, GENERAL & INTERNAL","ESCI","48","0.1","Q4","0.03","98.67"%,
"Journal of the Dow University of Health Sciences","J DOW U HEALTH SCI","Dow Univ Health Sciences","1995-2198","2410-2180","MEDICINE, RESEARCH & EXPERIMENTAL","ESCI","48","0.1","Q4","0.03","98.67"%,
"Nobel Medicus","NOBEL MED","NOBEL ILAC","1305-2381","1305-2381","MEDICINE, GENERAL & INTERNAL","ESCI","78","0.1","Q4","0.03","0"%,
"Universitas Medica","UNIV MED","PONTIFICIA UNIV JAVERIANA, FAC MEDICINA","0041-9095","2011-0839","MEDICINE, GENERAL & INTERNAL","ESCI","70","0.1","Q4","0.03","95.24"%,
"Zaporozhye Medical Journal","ZAPOROZHYE MED J","ZAPORIZHZHYA STATE MEDICAL UNIV","2306-4145","2310-1210","MEDICINE, GENERAL & INTERNAL","ESCI","63","0.1","Q4","0.03","99.58"%,
"Archivos de Medicina","ARCH MED","UNIV MANIZALEZ, FAC MEDICINA","1657-320X","2339-3874","MEDICINE, GENERAL & INTERNAL","ESCI","136","0.1","Q4","0.02","89.66"%,
"Revista del Cuerpo Medico del Hospital Nacional Almanzor Aguinaga Asenjo","REV CUERPO MED HOSP","HOSPITAL NACL ALMANZOR AGUINAGA ASENJO, ASOC CUERPO MEDICO","2225-5109","2227-4731","MEDICINE, GENERAL & INTERNAL","ESCI","122","0.1","Q4","0.02","74.76"%,
"Finlay","FINLAY","CENTRO PROVINCIAL INFORMACION CIENCIAS MEDICAS CINFUEGOS","2221-2434","2221-2434","MEDICINE, GENERAL & INTERNAL","ESCI","66","0.1","Q4","0.01","0"%,
"Medisur-Revista de Ciencias Medicas de Cienfuegos","MEDISUR-REV CIENC ME","CENTRO PROVINCIAL INFORMACION CIENCIAS MEDICAS CINFUEGOS","1727-897X","1727-897X","MEDICINE, GENERAL & INTERNAL","ESCI","146","0.1","Q4","0.01","0.24"%,
"Scientific Chronicles","SCI CHRON","TZANEIO GENERAL HOSPITAL","1791-1362","2241-1666","MEDICINE, GENERAL & INTERNAL","ESCI","17","0.1","Q4","0.01","0"%,
"Anil Aggrawals Internet Journal of Forensic Medicine and Toxicology","ANIL AGGRAWALS INTER","ANIL AGGRAWALS INTERNET JOURNAL FORENSIC MEDICINE & TOXICOLOGY","0972-8066","0972-8074","MEDICINE, GENERAL & INTERNAL","ESCI","13","<0.1","Q4","0.04","0"%,
"Netherlands Journal of Critical Care","NETH J CRIT CARE","NETHERLANDS SOC INTENSIVE CARE","1569-3511","1569-3511","CRITICAL CARE MEDICINE","ESCI","52","<0.1","Q4","0.04","0"%,
"Revista Medica de Rosario","REV MED ROSARIO","CIRCULO MEDICO DE ROSARIO","0327-5019","1851-2135","MEDICINE, GENERAL & INTERNAL","ESCI","17","<0.1","Q4","0.03","0"%,
"Avances en Biomedicina","AV BIOMED","UNIV ANDES, FAC MEDICINA","2477-9369","2244-7881","MEDICINE, GENERAL & INTERNAL","ESCI","11","<0.1","Q4","0.01","0"%,
"Galicia Clinica","GALICIA CLIN","SOC GALLEGA MEDICINA INTERNA","0304-4866","0304-4866","MEDICINE, GENERAL & INTERNAL","ESCI","15","<0.1","Q4","0.01","75.31"%,
"Kuwait Medical Journal","KUWAIT MED J","KUWAIT MEDICAL ASSOC","1607-8047","0023-5776","MEDICINE, GENERAL & INTERNAL","SCIE","117","<0.1","Q4","0.01","0"%,
"Actualizaciones en Osteologia","ACTUAL OSTEOL","ASOC ARGENTINA OSTEOLOGIA & METABOLISMO MINERAL","1669-8975","1669-8983","MEDICINE, RESEARCH & EXPERIMENTAL","ESCI","17","<0.1","Q4","0","0"%,
"Intensivist","INTENSIVIST-NETH","NETHERLANDS SOC INTENSIVE CARE","N/A","2950-1873","CRITICAL CARE MEDICINE","ESCI","1","<0.1","Q4","0","0"%,

Copyright (c) 2026 Clarivate 
By exporting the selected data; you agree to the data usage policy set forth in the Terms of Use 
